INaCa,INaK,IClb,ICaL,Itos,IK1,IKs,IKr,group,APD90,sharpness,width,amplitude
1.0,1.0,1.0,1.0,1.0,1.0,1.0,1.0,NR,156.0,625.0,266,0.89
1.0,1.0,1.0,1.0,1.0,1.0,1.0,1.0,NR,156.0,625.0,266,0.89
1.0,1.0,1.0,1.0,1.0,1.0,1.0,1.0,NR,156.0,625.0,266,0.89
1.0,1.0,1.0,1.0,1.0,1.0,1.0,1.0,NR,156.0,625.0,266,0.89
1.0,1.0,1.0,1.0,1.0,1.0,1.0,1.0,NR,156.0,625.0,266,0.89
1.0,1.0,1.0,1.0,1.0,1.0,1.0,1.0,NR,156.0,625.0,266,0.89
1.0,1.0,1.0,1.0,1.0,1.0,1.0,1.0,NR,156.0,625.0,266,0.89
1.0,1.0,1.0,1.0,1.0,1.0,1.0,1.0,NR,156.0,625.0,266,0.89
1.0,1.0,1.0,1.0,1.0,1.0,1.0,1.0,NR,156.0,625.0,266,0.89
1.0,1.0,1.0,1.0,1.0,1.0,1.0,1.0,NR,156.0,625.0,266,0.89
1.0,1.0,1.0,1.0,1.0,1.0,1.0,1.0,NR,156.0,625.0,266,0.89
1.0,1.0,1.0,1.0,1.0,1.0,1.0,1.0,NR,156.0,625.0,266,0.89
1.0,1.0,1.0,1.0,1.0,1.0,1.0,1.0,NR,156.0,625.0,266,0.89
1.0,1.0,1.0,1.0,1.0,1.0,1.0,1.0,NR,156.0,625.0,266,0.89
1.0,1.0,1.0,1.0,1.0,1.0,1.0,1.0,NR,156.0,625.0,266,0.89
1.0,1.0,1.0,1.0,1.0,1.0,1.0,1.0,NR,156.0,625.0,266,0.89
1.0,1.0,1.0,1.0,1.0,1.0,1.0,1.0,NR,156.0,625.0,266,0.89
1.0,1.0,1.0,1.0,1.0,1.0,1.0,1.0,NR,156.0,625.0,266,0.89
1.0,1.0,1.0,1.0,1.0,1.0,1.0,1.0,NR,156.0,625.0,266,0.89
1.0,1.0,1.0,1.0,1.0,1.0,1.0,1.0,NR,156.0,625.0,266,0.89
1.0,1.0,1.0,1.0,1.0,1.0,1.0,1.0,NR,156.0,625.0,266,0.89
1.0,1.0,1.0,1.0,1.0,1.0,1.0,1.0,NR,156.0,625.0,266,0.89
1.0,1.0,1.0,1.0,1.0,1.0,1.0,1.0,NR,156.0,625.0,266,0.89
1.0,1.0,1.0,1.0,1.0,1.0,1.0,1.0,NR,156.0,625.0,266,0.89
1.0,1.0,1.0,1.0,1.0,1.0,1.0,1.0,NR,156.0,625.0,266,0.89
1.0,1.0,1.0,1.0,1.0,1.0,1.0,1.0,NR,156.0,625.0,266,0.89
1.0,1.0,1.0,1.0,1.0,1.0,1.0,1.0,NR,156.0,625.0,266,0.89
1.0,1.0,1.0,1.0,1.0,1.0,1.0,1.0,NR,156.0,625.0,266,0.89
1.0,1.0,1.0,1.0,1.0,1.0,1.0,1.0,NR,156.0,625.0,266,0.89
1.0,1.0,1.0,1.0,1.0,1.0,1.0,1.0,NR,156.0,625.0,266,0.89
1.0,1.0,1.0,1.0,1.0,1.0,1.0,1.0,NR,156.0,625.0,266,0.89
1.0,1.0,1.0,1.0,1.0,1.0,1.0,1.0,NR,156.0,625.0,266,0.89
1.0,1.0,1.0,1.0,1.0,1.0,1.0,1.0,NR,156.0,625.0,266,0.89
1.0,1.0,1.0,1.0,1.0,1.0,1.0,1.0,NR,156.0,625.0,266,0.89
1.0,1.0,1.0,1.0,1.0,1.0,1.0,1.0,NR,156.0,625.0,266,0.89
1.0,1.0,1.0,1.0,1.0,1.0,1.0,1.0,NR,156.0,625.0,266,0.89
1.0,1.0,1.0,1.0,1.0,1.0,1.0,1.0,NR,156.0,625.0,266,0.89
1.0,1.0,1.0,1.0,1.0,1.0,1.0,1.0,NR,156.0,625.0,266,0.89
1.0,1.0,1.0,1.0,1.0,1.0,1.0,1.0,NR,156.0,625.0,266,0.89
1.0,1.0,1.0,1.0,1.0,1.0,1.0,1.0,NR,156.0,625.0,266,0.89
1.0,1.0,1.0,1.0,1.0,1.0,1.0,1.0,NR,156.0,625.0,266,0.89
1.0,1.0,1.0,1.0,1.0,1.0,1.0,1.0,NR,156.0,625.0,266,0.89
1.0,1.0,1.0,1.0,1.0,1.0,1.0,1.0,NR,156.0,625.0,266,0.89
1.0,1.0,1.0,1.0,1.0,1.0,1.0,1.0,NR,156.0,625.0,266,0.89
1.0,1.0,1.0,1.0,1.0,1.0,1.0,1.0,NR,156.0,625.0,266,0.89
1.0,1.0,1.0,1.0,1.0,1.0,1.0,1.0,NR,156.0,625.0,266,0.89
1.0,1.0,1.0,1.0,1.0,1.0,1.0,1.0,NR,156.0,625.0,266,0.89
1.0,1.0,1.0,1.0,1.0,1.0,1.0,1.0,NR,156.0,625.0,266,0.89
1.0,1.0,1.0,1.0,1.0,1.0,1.0,1.0,NR,156.0,625.0,266,0.89
1.0,1.0,1.0,1.0,1.0,1.0,1.0,1.0,NR,156.0,625.0,266,0.89
1.0,1.0,1.0,1.0,1.0,1.0,1.0,1.0,NR,156.0,625.0,266,0.89
1.0,1.0,1.0,1.0,1.0,1.0,1.0,1.0,NR,156.0,625.0,266,0.89
1.0,1.0,1.0,1.0,1.0,1.0,1.0,1.0,NR,156.0,625.0,266,0.89
1.0,1.0,1.0,1.0,1.0,1.0,1.0,1.0,NR,156.0,625.0,266,0.89
1.0,1.0,1.0,1.0,1.0,1.0,1.0,1.0,NR,156.0,625.0,266,0.89
1.0,1.0,1.0,1.0,1.0,1.0,1.0,1.0,NR,156.0,625.0,266,0.89
1.0,1.0,1.0,1.0,1.0,1.0,1.0,1.0,NR,156.0,625.0,266,0.89
1.0,1.0,1.0,1.0,1.0,1.0,1.0,1.0,NR,156.0,625.0,266,0.89
1.0,1.0,1.0,1.0,1.0,1.0,1.0,1.0,NR,156.0,625.0,266,0.89
1.0,1.0,1.0,1.0,1.0,1.0,1.0,1.0,NR,156.0,625.0,266,0.89
1.0,1.0,1.0,1.0,1.0,1.0,1.0,1.0,NR,156.0,625.0,266,0.89
1.0,1.0,1.0,1.0,1.0,1.0,1.0,1.0,NR,156.0,625.0,266,0.89
1.0,1.0,1.0,1.0,1.0,1.0,1.0,1.0,NR,156.0,625.0,266,0.89
1.0,1.0,1.0,1.0,1.0,1.0,1.0,1.0,NR,156.0,625.0,266,0.89
1.0,1.0,1.0,1.0,1.0,1.0,1.0,1.0,NR,156.0,625.0,266,0.89
1.0,1.0,1.0,1.0,1.0,1.0,1.0,1.0,NR,156.0,625.0,266,0.89
1.0,1.0,1.0,1.0,1.0,1.0,1.0,1.0,NR,156.0,625.0,266,0.89
1.0,1.0,1.0,1.0,1.0,1.0,1.0,1.0,NR,156.0,625.0,266,0.89
1.0,1.0,1.0,1.0,1.0,1.0,1.0,1.0,NR,156.0,625.0,266,0.89
1.0,1.0,1.0,1.0,1.0,1.0,1.0,1.0,NR,156.0,625.0,266,0.89
1.0,1.0,1.0,1.0,1.0,1.0,1.0,1.0,NR,156.0,625.0,266,0.89
1.0,1.0,1.0,1.0,1.0,1.0,1.0,1.0,NR,156.0,625.0,266,0.89
1.0,1.0,1.0,1.0,1.0,1.0,1.0,1.0,NR,156.0,625.0,266,0.89
1.0,1.0,1.0,1.0,1.0,1.0,1.0,1.0,NR,156.0,625.0,266,0.89
1.0,1.0,1.0,1.0,1.0,1.0,1.0,1.0,NR,156.0,625.0,266,0.89
1.0,1.0,1.0,1.0,1.0,1.0,1.0,1.0,NR,156.0,625.0,266,0.89
1.0,1.0,1.0,1.0,1.0,1.0,1.0,1.0,NR,156.0,625.0,266,0.89
1.0,1.0,1.0,1.0,1.0,1.0,1.0,1.0,NR,156.0,625.0,266,0.89
1.0,1.0,1.0,1.0,1.0,1.0,1.0,1.0,NR,156.0,625.0,266,0.89
1.0,1.0,1.0,1.0,1.0,1.0,1.0,1.0,NR,156.0,625.0,266,0.89
1.0,1.0,1.0,1.0,1.0,1.0,1.0,1.0,NR,156.0,625.0,266,0.89
1.0,1.0,1.0,1.0,1.0,1.0,1.0,1.0,NR,156.0,625.0,266,0.89
1.0,1.0,1.0,1.0,1.0,1.0,1.0,1.0,NR,156.0,625.0,266,0.89
1.0,1.0,1.0,1.0,1.0,1.0,1.0,1.0,NR,156.0,625.0,266,0.89
1.0,1.0,1.0,1.0,1.0,1.0,1.0,1.0,NR,156.0,625.0,266,0.89
1.0,1.0,1.0,1.0,1.0,1.0,1.0,1.0,NR,156.0,625.0,266,0.89
1.0,1.0,1.0,1.0,1.0,1.0,1.0,1.0,NR,156.0,625.0,266,0.89
1.0,1.0,1.0,1.0,1.0,1.0,1.0,1.0,NR,156.0,625.0,266,0.89
1.0,1.0,1.0,1.0,1.0,1.0,1.0,1.0,NR,156.0,625.0,266,0.89
1.0,1.0,1.0,1.0,1.0,1.0,1.0,1.0,NR,156.0,625.0,266,0.89
1.0,1.0,1.0,1.0,1.0,1.0,1.0,1.0,NR,156.0,625.0,266,0.89
1.0,1.0,1.0,1.0,1.0,1.0,1.0,1.0,NR,156.0,625.0,266,0.89
1.0,1.0,1.0,1.0,1.0,1.0,1.0,1.0,NR,156.0,625.0,266,0.89
1.0,1.0,1.0,1.0,1.0,1.0,1.0,1.0,NR,156.0,625.0,266,0.89
1.0,1.0,1.0,1.0,1.0,1.0,1.0,1.0,NR,156.0,625.0,266,0.89
1.0,1.0,1.0,1.0,1.0,1.0,1.0,1.0,NR,156.0,625.0,266,0.89
1.0,1.0,1.0,1.0,1.0,1.0,1.0,1.0,NR,156.0,625.0,266,0.89
1.0,1.0,1.0,1.0,1.0,1.0,1.0,1.0,NR,156.0,625.0,266,0.89
1.0,1.0,1.0,1.0,1.0,1.0,1.0,1.0,NR,156.0,625.0,266,0.89
1.0,1.0,1.0,1.0,1.0,1.0,1.0,1.0,NR,156.0,625.0,266,0.89
1.0,1.0,1.0,1.0,1.0,1.0,1.0,1.0,NR,156.0,625.0,266,0.89
1.0,1.0,1.0,1.0,1.0,1.0,1.0,1.0,NR,156.0,625.0,266,0.89
1.0,1.0,1.0,1.0,1.0,1.0,1.0,1.0,NR,156.0,625.0,266,0.89
1.0,1.0,1.0,1.0,1.0,1.0,1.0,1.0,NR,156.0,625.0,266,0.89
1.0,1.0,1.0,1.0,1.0,1.0,1.0,1.0,NR,156.0,625.0,266,0.89
1.0,1.0,1.0,1.0,1.0,1.0,1.0,1.0,NR,156.0,625.0,266,0.89
1.0,1.0,1.0,1.0,1.0,1.0,1.0,1.0,NR,156.0,625.0,266,0.89
1.0,1.0,1.0,1.0,1.0,1.0,1.0,1.0,NR,156.0,625.0,266,0.89
1.0,1.0,1.0,1.0,1.0,1.0,1.0,1.0,NR,156.0,625.0,266,0.89
1.0,1.0,1.0,1.0,1.0,1.0,1.0,1.0,NR,156.0,625.0,266,0.89
1.0,1.0,1.0,1.0,1.0,1.0,1.0,1.0,NR,156.0,625.0,266,0.89
1.0,1.0,1.0,1.0,1.0,1.0,1.0,1.0,NR,156.0,625.0,266,0.89
1.0,1.0,1.0,1.0,1.0,1.0,1.0,1.0,NR,156.0,625.0,266,0.89
1.0,1.0,1.0,1.0,1.0,1.0,1.0,1.0,NR,156.0,625.0,266,0.89
1.0,1.0,1.0,1.0,1.0,1.0,1.0,1.0,NR,156.0,625.0,266,0.89
1.0,1.0,1.0,1.0,1.0,1.0,1.0,1.0,NR,156.0,625.0,266,0.89
1.0,1.0,1.0,1.0,1.0,1.0,1.0,1.0,NR,156.0,625.0,266,0.89
1.0,1.0,1.0,1.0,1.0,1.0,1.0,1.0,NR,156.0,625.0,266,0.89
1.0,1.0,1.0,1.0,1.0,1.0,1.0,1.0,NR,156.0,625.0,266,0.89
1.0,1.0,1.0,1.0,1.0,1.0,1.0,1.0,NR,156.0,625.0,266,0.89
1.0,1.0,1.0,1.0,1.0,1.0,1.0,1.0,NR,156.0,625.0,266,0.89
1.0,1.0,1.0,1.0,1.0,1.0,1.0,1.0,NR,156.0,625.0,266,0.89
1.0,1.0,1.0,1.0,1.0,1.0,1.0,1.0,NR,156.0,625.0,266,0.89
1.0,1.0,1.0,1.0,1.0,1.0,1.0,1.0,NR,156.0,625.0,266,0.89
1.0,1.0,1.0,1.0,1.0,1.0,1.0,1.0,NR,156.0,625.0,266,0.89
1.0,1.0,1.0,1.0,1.0,1.0,1.0,1.0,NR,156.0,625.0,266,0.89
1.0,1.0,1.0,1.0,1.0,1.0,1.0,1.0,NR,156.0,625.0,266,0.89
1.0,1.0,1.0,1.0,1.0,1.0,1.0,1.0,NR,156.0,625.0,266,0.89
1.0,1.0,1.0,1.0,1.0,1.0,1.0,1.0,NR,156.0,625.0,266,0.89
1.0,1.0,1.0,1.0,1.0,1.0,1.0,1.0,NR,156.0,625.0,266,0.89
1.0,1.0,1.0,1.0,1.0,1.0,1.0,1.0,NR,156.0,625.0,266,0.89
1.0,1.0,1.0,1.0,1.0,1.0,1.0,1.0,NR,156.0,625.0,266,0.89
1.0,1.0,1.0,1.0,1.0,1.0,1.0,1.0,NR,156.0,625.0,266,0.89
1.0,1.0,1.0,1.0,1.0,1.0,1.0,1.0,NR,156.0,625.0,266,0.89
1.0,1.0,1.0,1.0,1.0,1.0,1.0,1.0,NR,156.0,625.0,266,0.89
1.0,1.0,1.0,1.0,1.0,1.0,1.0,1.0,NR,156.0,625.0,266,0.89
1.0,1.0,1.0,1.0,1.0,1.0,1.0,1.0,NR,156.0,625.0,266,0.89
1.0,1.0,1.0,1.0,1.0,1.0,1.0,1.0,NR,156.0,625.0,266,0.89
1.0,1.0,1.0,1.0,1.0,1.0,1.0,1.0,NR,156.0,625.0,266,0.89
1.0,1.0,1.0,1.0,1.0,1.0,1.0,1.0,NR,156.0,625.0,266,0.89
1.0,1.0,1.0,1.0,1.0,1.0,1.0,1.0,NR,156.0,625.0,266,0.89
1.0,1.0,1.0,1.0,1.0,1.0,1.0,1.0,NR,156.0,625.0,266,0.89
1.0,1.0,1.0,1.0,1.0,1.0,1.0,1.0,NR,156.0,625.0,266,0.89
1.0,1.0,1.0,1.0,1.0,1.0,1.0,1.0,NR,156.0,625.0,266,0.89
1.0,1.0,1.0,1.0,1.0,1.0,1.0,1.0,NR,156.0,625.0,266,0.89
1.0,1.0,1.0,1.0,1.0,1.0,1.0,1.0,NR,156.0,625.0,266,0.89
1.0,1.0,1.0,1.0,1.0,1.0,1.0,1.0,NR,156.0,625.0,266,0.89
1.0,1.0,1.0,1.0,1.0,1.0,1.0,1.0,NR,156.0,625.0,266,0.89
1.0,1.0,1.0,1.0,1.0,1.0,1.0,1.0,NR,156.0,625.0,266,0.89
1.0,1.0,1.0,1.0,1.0,1.0,1.0,1.0,NR,156.0,625.0,266,0.89
1.0,1.0,1.0,1.0,1.0,1.0,1.0,1.0,NR,156.0,625.0,266,0.89
1.0,1.0,1.0,1.0,1.0,1.0,1.0,1.0,NR,156.0,625.0,266,0.89
1.0,1.0,1.0,1.0,1.0,1.0,1.0,1.0,NR,156.0,625.0,266,0.89
1.0,1.0,1.0,1.0,1.0,1.0,1.0,1.0,NR,156.0,625.0,266,0.89
1.0,1.0,1.0,1.0,1.0,1.0,1.0,1.0,NR,156.0,625.0,266,0.89
1.0,1.0,1.0,1.0,1.0,1.0,1.0,1.0,NR,156.0,625.0,266,0.89
1.0,1.0,1.0,1.0,1.0,1.0,1.0,1.0,NR,156.0,625.0,266,0.89
1.0,1.0,1.0,1.0,1.0,1.0,1.0,1.0,NR,156.0,625.0,266,0.89
1.0,1.0,1.0,1.0,1.0,1.0,1.0,1.0,NR,156.0,625.0,266,0.89
1.0,1.0,1.0,1.0,1.0,1.0,1.0,1.0,NR,156.0,625.0,266,0.89
1.0,1.0,1.0,1.0,1.0,1.0,1.0,1.0,NR,156.0,625.0,266,0.89
1.0,1.0,1.0,1.0,1.0,1.0,1.0,1.0,NR,156.0,625.0,266,0.89
1.0,1.0,1.0,1.0,1.0,1.0,1.0,1.0,NR,156.0,625.0,266,0.89
1.0,1.0,1.0,1.0,1.0,1.0,1.0,1.0,NR,156.0,625.0,266,0.89
1.0,1.0,1.0,1.0,1.0,1.0,1.0,1.0,NR,156.0,625.0,266,0.89
1.0,1.0,1.0,1.0,1.0,1.0,1.0,1.0,NR,156.0,625.0,266,0.89
1.0,1.0,1.0,1.0,1.0,1.0,1.0,1.0,NR,156.0,625.0,266,0.89
1.0,1.0,1.0,1.0,1.0,1.0,1.0,1.0,NR,156.0,625.0,266,0.89
1.0,1.0,1.0,1.0,1.0,1.0,1.0,1.0,NR,156.0,625.0,266,0.89
1.0,1.0,1.0,1.0,1.0,1.0,1.0,1.0,NR,156.0,625.0,266,0.89
1.0,1.0,1.0,1.0,1.0,1.0,1.0,1.0,NR,156.0,625.0,266,0.89
1.0,1.0,1.0,1.0,1.0,1.0,1.0,1.0,NR,156.0,625.0,266,0.89
1.0,1.0,1.0,1.0,1.0,1.0,1.0,1.0,NR,156.0,625.0,266,0.89
1.0,1.0,1.0,1.0,1.0,1.0,1.0,1.0,NR,156.0,625.0,266,0.89
1.0,1.0,1.0,1.0,1.0,1.0,1.0,1.0,NR,156.0,625.0,266,0.89
1.0,1.0,1.0,1.0,1.0,1.0,1.0,1.0,NR,156.0,625.0,266,0.89
1.0,1.0,1.0,1.0,1.0,1.0,1.0,1.0,NR,156.0,625.0,266,0.89
1.0,1.0,1.0,1.0,1.0,1.0,1.0,1.0,NR,156.0,625.0,266,0.89
1.0,1.0,1.0,1.0,1.0,1.0,1.0,1.0,NR,156.0,625.0,266,0.89
1.0,1.0,1.0,1.0,1.0,1.0,1.0,1.0,NR,156.0,625.0,266,0.89
1.0,1.0,1.0,1.0,1.0,1.0,1.0,1.0,NR,156.0,625.0,266,0.89
1.0,1.0,1.0,1.0,1.0,1.0,1.0,1.0,NR,156.0,625.0,266,0.89
1.0,1.0,1.0,1.0,1.0,1.0,1.0,1.0,NR,156.0,625.0,266,0.89
1.0,1.0,1.0,1.0,1.0,1.0,1.0,1.0,NR,156.0,625.0,266,0.89
1.0,1.0,1.0,1.0,1.0,1.0,1.0,1.0,NR,156.0,625.0,266,0.89
1.0,1.0,1.0,1.0,1.0,1.0,1.0,1.0,NR,156.0,625.0,266,0.89
1.0,1.0,1.0,1.0,1.0,1.0,1.0,1.0,NR,156.0,625.0,266,0.89
1.0,1.0,1.0,1.0,1.0,1.0,1.0,1.0,NR,156.0,625.0,266,0.89
1.0,1.0,1.0,1.0,1.0,1.0,1.0,1.0,NR,156.0,625.0,266,0.89
1.0,1.0,1.0,1.0,1.0,1.0,1.0,1.0,NR,156.0,625.0,266,0.89
1.0,1.0,1.0,1.0,1.0,1.0,1.0,1.0,NR,156.0,625.0,266,0.89
1.0,1.0,1.0,1.0,1.0,1.0,1.0,1.0,NR,156.0,625.0,266,0.89
1.0,1.0,1.0,1.0,1.0,1.0,1.0,1.0,NR,156.0,625.0,266,0.89
1.0,1.0,1.0,1.0,1.0,1.0,1.0,1.0,NR,156.0,625.0,266,0.89
1.0,1.0,1.0,1.0,1.0,1.0,1.0,1.0,NR,156.0,625.0,266,0.89
1.0,1.0,1.0,1.0,1.0,1.0,1.0,1.0,NR,156.0,625.0,266,0.89
1.0,1.0,1.0,1.0,1.0,1.0,1.0,1.0,NR,156.0,625.0,266,0.89
1.0,1.0,1.0,1.0,1.0,1.0,1.0,1.0,NR,156.0,625.0,266,0.89
1.0,1.0,1.0,1.0,1.0,1.0,1.0,1.0,NR,156.0,625.0,266,0.89
1.0,1.0,1.0,1.0,1.0,1.0,1.0,1.0,NR,156.0,625.0,266,0.89
1.0,1.0,1.0,1.0,1.0,1.0,1.0,1.0,NR,156.0,625.0,266,0.89
1.0,1.0,1.0,1.0,1.0,1.0,1.0,1.0,NR,156.0,625.0,266,0.89
1.0,1.0,1.0,1.0,1.0,1.0,1.0,1.0,NR,156.0,625.0,266,0.89
1.0,1.0,1.0,1.0,1.0,1.0,1.0,1.0,NR,156.0,625.0,266,0.89
1.0,1.0,1.0,1.0,1.0,1.0,1.0,1.0,NR,156.0,625.0,266,0.89
1.0,1.0,1.0,1.0,1.0,1.0,1.0,1.0,NR,156.0,625.0,266,0.89
1.0,1.0,1.0,1.0,1.0,1.0,1.0,1.0,NR,156.0,625.0,266,0.89
1.0,1.0,1.0,1.0,1.0,1.0,1.0,1.0,NR,156.0,625.0,266,0.89
1.0,1.0,1.0,1.0,1.0,1.0,1.0,1.0,NR,156.0,625.0,266,0.89
1.0,1.0,1.0,1.0,1.0,1.0,1.0,1.0,NR,156.0,625.0,266,0.89
1.0,1.0,1.0,1.0,1.0,1.0,1.0,1.0,NR,156.0,625.0,266,0.89
1.0,1.0,1.0,1.0,1.0,1.0,1.0,1.0,NR,156.0,625.0,266,0.89
1.0,1.0,1.0,1.0,1.0,1.0,1.0,1.0,NR,156.0,625.0,266,0.89
1.0,1.0,1.0,1.0,1.0,1.0,1.0,1.0,NR,156.0,625.0,266,0.89
1.0,1.0,1.0,1.0,1.0,1.0,1.0,1.0,NR,156.0,625.0,266,0.89
1.0,1.0,1.0,1.0,1.0,1.0,1.0,1.0,NR,156.0,625.0,266,0.89
1.0,1.0,1.0,1.0,1.0,1.0,1.0,1.0,NR,156.0,625.0,266,0.89
1.0,1.0,1.0,1.0,1.0,1.0,1.0,1.0,NR,156.0,625.0,266,0.89
1.0,1.0,1.0,1.0,1.0,1.0,1.0,1.0,NR,156.0,625.0,266,0.89
1.0,1.0,1.0,1.0,1.0,1.0,1.0,1.0,NR,156.0,625.0,266,0.89
1.0,1.0,1.0,1.0,1.0,1.0,1.0,1.0,NR,156.0,625.0,266,0.89
1.0,1.0,1.0,1.0,1.0,1.0,1.0,1.0,NR,156.0,625.0,266,0.89
1.0,1.0,1.0,1.0,1.0,1.0,1.0,1.0,NR,156.0,625.0,266,0.89
1.0,1.0,1.0,1.0,1.0,1.0,1.0,1.0,NR,156.0,625.0,266,0.89
1.0,1.0,1.0,1.0,1.0,1.0,1.0,1.0,NR,156.0,625.0,266,0.89
1.0,1.0,1.0,1.0,1.0,1.0,1.0,1.0,NR,156.0,625.0,266,0.89
1.0,1.0,1.0,1.0,1.0,1.0,1.0,1.0,NR,156.0,625.0,266,0.89
1.0,1.0,1.0,1.0,1.0,1.0,1.0,1.0,NR,156.0,625.0,266,0.89
1.0,1.0,1.0,1.0,1.0,1.0,1.0,1.0,NR,156.0,625.0,266,0.89
1.0,1.0,1.0,1.0,1.0,1.0,1.0,1.0,NR,156.0,625.0,266,0.89
1.0,1.0,1.0,1.0,1.0,1.0,1.0,1.0,NR,156.0,625.0,266,0.89
1.0,1.0,1.0,1.0,1.0,1.0,1.0,1.0,NR,156.0,625.0,266,0.89
1.0,1.0,1.0,1.0,1.0,1.0,1.0,1.0,NR,156.0,625.0,266,0.89
1.0,1.0,1.0,1.0,1.0,1.0,1.0,1.0,NR,156.0,625.0,266,0.89
1.0,1.0,1.0,1.0,1.0,1.0,1.0,1.0,NR,156.0,625.0,266,0.89
1.0,1.0,1.0,1.0,1.0,1.0,1.0,1.0,NR,157.0,625.0,266,0.89
1.0,1.0,1.0,1.0,1.0,1.0,1.0,1.0,NR,157.0,625.0,266,0.89
1.0,1.0,1.0,1.0,1.0,1.0,1.0,1.0,NR,157.0,625.0,266,0.89
1.0,1.0,1.0,1.0,1.0,1.0,1.0,1.0,NR,157.0,625.0,266,0.89
1.0,1.0,1.0,1.0,1.0,1.0,1.0,1.0,NR,157.0,625.0,266,0.89
1.0,1.0,1.0,1.0,1.0,1.0,1.0,1.0,NR,157.0,625.0,266,0.89
1.0,1.0,1.0,1.0,1.0,1.0,1.0,1.0,NR,157.0,625.0,266,0.89
1.0,1.0,1.0,1.0,1.0,1.0,1.0,1.0,NR,157.0,625.0,266,0.89
1.0,1.0,1.0,1.0,1.0,1.0,1.0,1.0,NR,157.0,625.0,266,0.89
1.0,1.0,1.0,1.0,1.0,1.0,1.0,1.0,NR,158.0,625.0,266,0.89
1.0,1.0,1.0,1.0,1.0,1.0,1.0,1.0,NR,158.0,625.0,266,0.89
1.0,1.0,1.0,1.0,1.0,1.0,1.0,1.0,NR,158.0,625.0,266,0.89
1.0,1.0,1.0,1.0,1.0,1.0,1.0,1.0,NR,158.0,625.0,266,0.89
1.0,1.0,1.0,1.0,1.0,1.0,1.0,1.0,NR,159.0,625.0,266,0.89
1.0,1.0,1.0,1.0,1.0,1.0,1.0,1.0,NR,159.0,625.0,266,0.89
1.0,1.0,1.0,1.0,1.0,1.0,1.0,1.0,NR,159.0,625.0,266,0.89
1.0,1.0,1.0,1.0,1.0,1.0,1.0,1.0,NR,160.0,625.0,266,0.89
1.0,1.0,1.0,1.0,1.0,1.0,1.0,1.0,NR,160.0,625.0,266,0.89
1.0,1.0,1.0,1.0,1.0,1.0,1.0,1.0,NR,161.0,625.0,266,0.89
1.0,1.0,1.0,1.0,1.0,1.0,1.0,1.0,NR,161.0,625.0,266,0.89
1.0,1.0,1.0,1.0,1.0,1.0,1.0,1.0,NR,162.0,625.0,266,0.89
1.0,1.0,1.0,1.0,1.0,1.0,1.0,1.0,NR,163.0,625.0,266,0.89
1.0,1.0,1.0,1.0,1.0,1.0,1.0,1.0,NR,164.0,625.0,266,0.89
1.0,1.0,1.0,1.0,1.0,1.0,1.0,1.0,NR,165.0,625.0,266,0.89
1.0,1.0,1.0,1.0,1.0,1.0,1.0,1.0,NR,166.0,625.0,266,0.89
1.0,1.0,1.0,1.0,1.0,1.0,1.0,1.0,NR,167.0,625.0,266,0.89
1.0,1.0,1.0,1.0,1.0,1.0,1.0,1.0,NR,168.0,625.0,266,0.89
1.0,1.0,1.0,1.0,1.0,1.0,1.0,1.0,NR,170.0,625.0,266,0.89
1.0,1.0,1.0,1.0,1.0,1.0,1.0,1.0,NR,172.0,625.0,266,0.89
1.0,1.0,1.0,1.0,1.0,1.0,1.0,1.0,NR,174.0,625.0,266,0.89
1.0,1.0,1.0,1.0,1.0,1.0,1.0,1.0,NR,177.0,625.0,266,0.89
1.0,1.0,1.0,1.0,1.0,1.0,1.0,1.0,NR,180.0,625.0,266,0.89
1.0,1.0,1.0,1.0,1.0,1.0,1.0,1.0,NR,185.0,625.0,266,0.89
0.08551248194137,0.005941417841546,0.00773489161873,0.06694912292352,0.05529366286432,0.3759290733627,0.0967479938771,0.0029662726021609,HR,190.0,625.0,266,0.89
0.08551248194137,0.005941417841546,0.00773489161873,0.06694912292352,0.05529366286432,0.3759290733627,0.0967479938771,0.0029662726021609,HR,194.0,625.0,266,0.89
0.08551248194137,0.005941417841546,0.00773489161873,0.06694912292352,0.05529366286432,0.3759290733627,0.0967479938771,0.0029662726021609,HR,199.0,625.0,266,0.89
1.0,1.0,1.0,1.0,1.0,1.0,1.0,1.0,NR,203.0,625.0,266,0.89
0.08551248194137,0.005941417841546,0.00773489161873,0.06694912292352,0.05529366286432,0.3759290733627,0.0967479938771,0.0029662726021609,HR,208.0,625.0,266,0.89
0.08551248194137,0.005941417841546,0.00773489161873,0.06694912292352,0.05529366286432,0.3759290733627,0.0967479938771,0.0029662726021609,HR,212.0,625.0,266,0.89
0.08551248194137,0.005941417841546,0.00773489161873,0.06694912292352,0.05529366286432,0.3759290733627,0.0967479938771,0.0029662726021609,HR,216.0,625.0,266,0.89
0.08551248194137,0.005941417841546,0.00773489161873,0.06694912292352,0.05529366286432,0.3759290733627,0.0967479938771,0.0029662726021609,HR,220.0,625.0,266,0.89
0.08551248194137,0.005941417841546,0.00773489161873,0.06694912292352,0.05529366286432,0.3759290733627,0.0967479938771,0.0029662726021609,HR,224.0,625.0,266,0.89
0.08551248194137,0.005941417841546,0.00773489161873,0.06694912292352,0.05529366286432,0.3759290733627,0.0967479938771,0.0029662726021609,HR,227.0,625.0,266,0.89
0.08551248194137,0.005941417841546,0.00773489161873,0.06694912292352,0.05529366286432,0.3759290733627,0.0967479938771,0.0029662726021609,HR,230.0,625.0,266,0.89
0.08551248194137,0.005941417841546,0.00773489161873,0.06694912292352,0.05529366286432,0.3759290733627,0.0967479938771,0.0029662726021609,HR,232.0,625.0,266,0.89
0.08551248194137,0.005941417841546,0.00773489161873,0.06694912292352,0.05529366286432,0.3759290733627,0.0967479938771,0.0029662726021609,HR,235.0,625.0,266,0.89
0.08551248194137,0.005941417841546,0.00773489161873,0.06694912292352,0.05529366286432,0.3759290733627,0.0967479938771,0.0029662726021609,HR,237.0,625.0,266,0.89
0.08551248194137,0.005941417841546,0.00773489161873,0.06694912292352,0.05529366286432,0.3759290733627,0.0967479938771,0.0029662726021609,HR,240.0,625.0,266,0.89
0.08551248194137,0.005941417841546,0.00773489161873,0.06694912292352,0.05529366286432,0.3759290733627,0.0967479938771,0.0029662726021609,HR,242.0,625.0,266,0.89
0.08551248194137,0.005941417841546,0.00773489161873,0.06694912292352,0.05529366286432,0.3759290733627,0.0967479938771,0.0029662726021609,HR,244.0,625.0,266,0.89
0.08551248194137,0.005941417841546,0.00773489161873,0.06694912292352,0.05529366286432,0.3759290733627,0.0967479938771,0.0029662726021609,HR,247.0,625.0,266,0.89
1.0,1.0,1.0,1.0,1.0,1.0,1.0,1.0,NR,249.0,625.0,266,0.89
0.08551248194137,0.005941417841546,0.00773489161873,0.06694912292352,0.05529366286432,0.3759290733627,0.0967479938771,0.0029662726021609,HR,253.0,625.0,266,0.89
0.08551248194137,0.005941417841546,0.00773489161873,0.06694912292352,0.05529366286432,0.3759290733627,0.0967479938771,0.0029662726021609,HR,256.0,625.0,266,0.89
0.08551248194137,0.005941417841546,0.00773489161873,0.06694912292352,0.05529366286432,0.3759290733627,0.0967479938771,0.0029662726021609,HR,259.0,625.0,266,0.89
0.08551248194137,0.005941417841546,0.00773489161873,0.06694912292352,0.05529366286432,0.3759290733627,0.0967479938771,0.0029662726021609,HR,262.0,625.0,266,0.89
0.08551248194137,0.005941417841546,0.00773489161873,0.06694912292352,0.05529366286432,0.3759290733627,0.0967479938771,0.0029662726021609,HR,264.0,625.0,266,0.89
0.08551248194137,0.005941417841546,0.00773489161873,0.06694912292352,0.05529366286432,0.3759290733627,0.0967479938771,0.0029662726021609,HR,267.0,625.0,266,0.89
0.08551248194137,0.005941417841546,0.00773489161873,0.06694912292352,0.05529366286432,0.3759290733627,0.0967479938771,0.0029662726021609,HR,269.0,625.0,266,0.89
0.08551248194137,0.005941417841546,0.00773489161873,0.06694912292352,0.05529366286432,0.3759290733627,0.0967479938771,0.0029662726021609,HR,272.0,625.0,266,0.89
0.08551248194137,0.005941417841546,0.00773489161873,0.06694912292352,0.05529366286432,0.3759290733627,0.0967479938771,0.0029662726021609,HR,274.0,625.0,266,0.89
1.0,1.0,1.0,1.0,1.0,1.0,1.0,1.0,NR,277.0,625.0,266,0.89
0.08551248194137,0.005941417841546,0.00773489161873,0.06694912292352,0.05529366286432,0.3759290733627,0.0967479938771,0.0029662726021609,HR,280.0,625.0,266,0.89
0.08551248194137,0.005941417841546,0.00773489161873,0.06694912292352,0.05529366286432,0.3759290733627,0.0967479938771,0.0029662726021609,HR,284.0,625.0,266,0.89
0.08551248194137,0.005941417841546,0.00773489161873,0.06694912292352,0.05529366286432,0.3759290733627,0.0967479938771,0.0029662726021609,HR,287.0,625.0,266,0.89
0.08551248194137,0.005941417841546,0.00773489161873,0.06694912292352,0.05529366286432,0.3759290733627,0.0967479938771,0.0029662726021609,HR,290.0,625.0,266,0.89
0.08551248194137,0.005941417841546,0.00773489161873,0.06694912292352,0.05529366286432,0.3759290733627,0.0967479938771,0.0029662726021609,HR,293.0,625.0,266,0.89
0.08551248194137,0.005941417841546,0.00773489161873,0.06694912292352,0.05529366286432,0.3759290733627,0.0967479938771,0.0029662726021609,HR,296.0,625.0,266,0.89
0.08551248194137,0.005941417841546,0.00773489161873,0.06694912292352,0.05529366286432,0.3759290733627,0.0967479938771,0.0029662726021609,HR,298.0,625.0,266,0.89
0.08551248194137,0.005941417841546,0.00773489161873,0.06694912292352,0.05529366286432,0.3759290733627,0.0967479938771,0.0029662726021609,HR,301.0,625.0,266,0.89
0.08551248194137,0.005941417841546,0.00773489161873,0.06694912292352,0.05529366286432,0.3759290733627,0.0967479938771,0.0029662726021609,HR,303.0,625.0,266,0.89
0.08551248194137,0.005941417841546,0.00773489161873,0.06694912292352,0.05529366286432,0.3759290733627,0.0967479938771,0.0029662726021609,HR,305.0,625.0,266,0.89
0.08551248194137,0.005941417841546,0.00773489161873,0.06694912292352,0.05529366286432,0.3759290733627,0.0967479938771,0.0029662726021609,HR,308.0,625.0,266,0.89
0.08551248194137,0.005941417841546,0.00773489161873,0.06694912292352,0.05529366286432,0.3759290733627,0.0967479938771,0.0029662726021609,HR,310.0,625.0,266,0.89
0.08551248194137,0.005941417841546,0.00773489161873,0.06694912292352,0.05529366286432,0.3759290733627,0.0967479938771,0.0029662726021609,HR,312.0,625.0,266,0.89
0.08551248194137,0.005941417841546,0.00773489161873,0.06694912292352,0.05529366286432,0.3759290733627,0.0967479938771,0.0029662726021609,HR,314.0,625.0,266,0.89
0.08551248194137,0.005941417841546,0.00773489161873,0.06694912292352,0.05529366286432,0.3759290733627,0.0967479938771,0.0029662726021609,HR,315.0,625.0,266,0.89
0.08551248194137,0.005941417841546,0.00773489161873,0.06694912292352,0.05529366286432,0.3759290733627,0.0967479938771,0.0029662726021609,HR,317.0,625.0,266,0.89
0.08551248194137,0.005941417841546,0.00773489161873,0.06694912292352,0.05529366286432,0.3759290733627,0.0967479938771,0.0029662726021609,HR,319.0,625.0,266,0.89
0.08551248194137,0.005941417841546,0.00773489161873,0.06694912292352,0.05529366286432,0.3759290733627,0.0967479938771,0.0029662726021609,HR,320.0,625.0,266,0.89
0.08551248194137,0.005941417841546,0.00773489161873,0.06694912292352,0.05529366286432,0.3759290733627,0.0967479938771,0.0029662726021609,HR,322.0,625.0,266,0.89
0.08551248194137,0.005941417841546,0.00773489161873,0.06694912292352,0.05529366286432,0.3759290733627,0.0967479938771,0.0029662726021609,HR,323.0,625.0,266,0.89
0.08551248194137,0.005941417841546,0.00773489161873,0.06694912292352,0.05529366286432,0.3759290733627,0.0967479938771,0.0029662726021609,HR,325.0,625.0,266,0.89
1.0,1.0,1.0,1.0,1.0,1.0,1.0,1.0,NR,326.0,625.0,266,0.89
0.08551248194137,0.005941417841546,0.00773489161873,0.06694912292352,0.05529366286432,0.3759290733627,0.0967479938771,0.0029662726021609,HR,329.0,625.0,266,0.89
0.08551248194137,0.005941417841546,0.00773489161873,0.06694912292352,0.05529366286432,0.3759290733627,0.0967479938771,0.0029662726021609,HR,331.0,625.0,266,0.89
0.08551248194137,0.005941417841546,0.00773489161873,0.06694912292352,0.05529366286432,0.3759290733627,0.0967479938771,0.0029662726021609,HR,333.0,625.0,266,0.89
1.0,1.0,1.0,1.0,1.0,1.0,1.0,1.0,NR,336.0,625.0,266,0.89
0.08551248194137,0.005941417841546,0.00773489161873,0.06694912292352,0.05529366286432,0.3759290733627,0.0967479938771,0.0029662726021609,HR,339.0,625.0,266,0.89
0.08551248194137,0.005941417841546,0.00773489161873,0.06694912292352,0.05529366286432,0.3759290733627,0.0967479938771,0.0029662726021609,HR,342.0,625.0,266,0.89
0.08551248194137,0.005941417841546,0.00773489161873,0.06694912292352,0.05529366286432,0.3759290733627,0.0967479938771,0.0029662726021609,HR,345.0,625.0,266,0.89
0.08551248194137,0.005941417841546,0.00773489161873,0.06694912292352,0.05529366286432,0.3759290733627,0.0967479938771,0.0029662726021609,HR,348.0,625.0,266,0.89
0.08551248194137,0.005941417841546,0.00773489161873,0.06694912292352,0.05529366286432,0.3759290733627,0.0967479938771,0.0029662726021609,HR,351.0,625.0,266,0.89
0.08551248194137,0.005941417841546,0.00773489161873,0.06694912292352,0.05529366286432,0.3759290733627,0.0967479938771,0.0029662726021609,HR,353.0,625.0,266,0.89
0.08551248194137,0.005941417841546,0.00773489161873,0.06694912292352,0.05529366286432,0.3759290733627,0.0967479938771,0.0029662726021609,HR,356.0,625.0,266,0.89
0.08551248194137,0.005941417841546,0.00773489161873,0.06694912292352,0.05529366286432,0.3759290733627,0.0967479938771,0.0029662726021609,HR,358.0,625.0,266,0.89
0.08551248194137,0.005941417841546,0.00773489161873,0.06694912292352,0.05529366286432,0.3759290733627,0.0967479938771,0.0029662726021609,HR,360.0,625.0,266,0.89
0.08551248194137,0.005941417841546,0.00773489161873,0.06694912292352,0.05529366286432,0.3759290733627,0.0967479938771,0.0029662726021609,HR,362.0,625.0,266,0.89
0.08551248194137,0.005941417841546,0.00773489161873,0.06694912292352,0.05529366286432,0.3759290733627,0.0967479938771,0.0029662726021609,HR,364.0,625.0,266,0.89
0.08551248194137,0.005941417841546,0.00773489161873,0.06694912292352,0.05529366286432,0.3759290733627,0.0967479938771,0.0029662726021609,HR,366.0,625.0,266,0.89
0.08551248194137,0.005941417841546,0.00773489161873,0.06694912292352,0.05529366286432,0.3759290733627,0.0967479938771,0.0029662726021609,HR,368.0,625.0,266,0.89
0.08551248194137,0.005941417841546,0.00773489161873,0.06694912292352,0.05529366286432,0.3759290733627,0.0967479938771,0.0029662726021609,HR,369.0,625.0,266,0.89
0.08551248194137,0.005941417841546,0.00773489161873,0.06694912292352,0.05529366286432,0.3759290733627,0.0967479938771,0.0029662726021609,HR,371.0,625.0,266,0.89
0.08551248194137,0.005941417841546,0.00773489161873,0.06694912292352,0.05529366286432,0.3759290733627,0.0967479938771,0.0029662726021609,HR,372.0,625.0,266,0.89
0.08551248194137,0.005941417841546,0.00773489161873,0.06694912292352,0.05529366286432,0.3759290733627,0.0967479938771,0.0029662726021609,HR,374.0,625.0,266,0.89
0.08551248194137,0.005941417841546,0.00773489161873,0.06694912292352,0.05529366286432,0.3759290733627,0.0967479938771,0.0029662726021609,HR,375.0,625.0,266,0.89
0.08551248194137,0.005941417841546,0.00773489161873,0.06694912292352,0.05529366286432,0.3759290733627,0.0967479938771,0.0029662726021609,HR,377.0,625.0,266,0.89
0.08551248194137,0.005941417841546,0.00773489161873,0.06694912292352,0.05529366286432,0.3759290733627,0.0967479938771,0.0029662726021609,HR,378.0,625.0,266,0.89
0.08551248194137,0.005941417841546,0.00773489161873,0.06694912292352,0.05529366286432,0.3759290733627,0.0967479938771,0.0029662726021609,HR,379.0,625.0,266,0.89
0.08551248194137,0.005941417841546,0.00773489161873,0.06694912292352,0.05529366286432,0.3759290733627,0.0967479938771,0.0029662726021609,HR,380.0,625.0,266,0.89
0.08551248194137,0.005941417841546,0.00773489161873,0.06694912292352,0.05529366286432,0.3759290733627,0.0967479938771,0.0029662726021609,HR,381.0,625.0,266,0.89
0.08551248194137,0.005941417841546,0.00773489161873,0.06694912292352,0.05529366286432,0.3759290733627,0.0967479938771,0.0029662726021609,HR,382.0,625.0,266,0.89
0.08551248194137,0.005941417841546,0.00773489161873,0.06694912292352,0.05529366286432,0.3759290733627,0.0967479938771,0.0029662726021609,HR,383.0,625.0,266,0.89
1.0,1.0,1.0,1.0,1.0,1.0,1.0,1.0,NR,384.0,625.0,266,0.89
1.0,1.0,1.0,1.0,1.0,1.0,1.0,1.0,NR,386.0,625.0,266,0.89
0.08551248194137,0.005941417841546,0.00773489161873,0.06694912292352,0.05529366286432,0.3759290733627,0.0967479938771,0.0029662726021609,HR,389.0,625.0,266,0.89
0.08551248194137,0.005941417841546,0.00773489161873,0.06694912292352,0.05529366286432,0.3759290733627,0.0967479938771,0.0029662726021609,HR,391.0,625.0,266,0.89
0.08551248194137,0.005941417841546,0.00773489161873,0.06694912292352,0.05529366286432,0.3759290733627,0.0967479938771,0.0029662726021609,HR,394.0,625.0,266,0.89
0.08551248194137,0.005941417841546,0.00773489161873,0.06694912292352,0.05529366286432,0.3759290733627,0.0967479938771,0.0029662726021609,HR,396.0,625.0,266,0.89
0.08551248194137,0.005941417841546,0.00773489161873,0.06694912292352,0.05529366286432,0.3759290733627,0.0967479938771,0.0029662726021609,HR,398.0,625.0,266,0.89
0.08551248194137,0.005941417841546,0.00773489161873,0.06694912292352,0.05529366286432,0.3759290733627,0.0967479938771,0.0029662726021609,HR,400.0,625.0,266,0.89
0.08551248194137,0.005941417841546,0.00773489161873,0.06694912292352,0.05529366286432,0.3759290733627,0.0967479938771,0.0029662726021609,HR,401.0,625.0,266,0.89
0.08551248194137,0.005941417841546,0.00773489161873,0.06694912292352,0.05529366286432,0.3759290733627,0.0967479938771,0.0029662726021609,HR,402.0,625.0,266,0.89
0.08551248194137,0.005941417841546,0.00773489161873,0.06694912292352,0.05529366286432,0.3759290733627,0.0967479938771,0.0029662726021609,HR,404.0,625.0,266,0.89
0.08551248194137,0.005941417841546,0.00773489161873,0.06694912292352,0.05529366286432,0.3759290733627,0.0967479938771,0.0029662726021609,HR,405.0,625.0,266,0.89
0.08551248194137,0.005941417841546,0.00773489161873,0.06694912292352,0.05529366286432,0.3759290733627,0.0967479938771,0.0029662726021609,HR,406.0,625.0,266,0.89
0.08551248194137,0.005941417841546,0.00773489161873,0.06694912292352,0.05529366286432,0.3759290733627,0.0967479938771,0.0029662726021609,HR,407.0,625.0,266,0.89
0.08551248194137,0.005941417841546,0.00773489161873,0.06694912292352,0.05529366286432,0.3759290733627,0.0967479938771,0.0029662726021609,HR,407.0,625.0,266,0.89
0.08551248194137,0.005941417841546,0.00773489161873,0.06694912292352,0.05529366286432,0.3759290733627,0.0967479938771,0.0029662726021609,HR,408.0,625.0,266,0.89
0.08551248194137,0.005941417841546,0.00773489161873,0.06694912292352,0.05529366286432,0.3759290733627,0.0967479938771,0.0029662726021609,HR,409.0,625.0,266,0.89
0.08551248194137,0.005941417841546,0.00773489161873,0.06694912292352,0.05529366286432,0.3759290733627,0.0967479938771,0.0029662726021609,HR,409.0,625.0,266,0.89
0.08551248194137,0.005941417841546,0.00773489161873,0.06694912292352,0.05529366286432,0.3759290733627,0.0967479938771,0.0029662726021609,HR,409.0,625.0,266,0.89
0.08551248194137,0.005941417841546,0.00773489161873,0.06694912292352,0.05529366286432,0.3759290733627,0.0967479938771,0.0029662726021609,HR,410.0,625.0,266,0.89
0.08551248194137,0.005941417841546,0.00773489161873,0.06694912292352,0.05529366286432,0.3759290733627,0.0967479938771,0.0029662726021609,HR,410.0,625.0,266,0.89
0.08551248194137,0.005941417841546,0.00773489161873,0.06694912292352,0.05529366286432,0.3759290733627,0.0967479938771,0.0029662726021609,HR,410.0,625.0,266,0.89
0.08551248194137,0.005941417841546,0.00773489161873,0.06694912292352,0.05529366286432,0.3759290733627,0.0967479938771,0.0029662726021609,HR,410.0,625.0,266,0.89
0.08551248194137,0.005941417841546,0.00773489161873,0.06694912292352,0.05529366286432,0.3759290733627,0.0967479938771,0.0029662726021609,HR,410.0,625.0,266,0.89
0.08551248194137,0.005941417841546,0.00773489161873,0.06694912292352,0.05529366286432,0.3759290733627,0.0967479938771,0.0029662726021609,HR,410.0,625.0,266,0.89
0.08551248194137,0.005941417841546,0.00773489161873,0.06694912292352,0.05529366286432,0.3759290733627,0.0967479938771,0.0029662726021609,HR,410.0,625.0,266,0.89
0.08551248194137,0.005941417841546,0.00773489161873,0.06694912292352,0.05529366286432,0.3759290733627,0.0967479938771,0.0029662726021609,HR,410.0,625.0,266,0.89
0.08551248194137,0.005941417841546,0.00773489161873,0.06694912292352,0.05529366286432,0.3759290733627,0.0967479938771,0.0029662726021609,HR,409.0,625.0,266,0.89
0.08551248194137,0.005941417841546,0.00773489161873,0.06694912292352,0.05529366286432,0.3759290733627,0.0967479938771,0.0029662726021609,HR,409.0,625.0,266,0.89
0.08551248194137,0.005941417841546,0.00773489161873,0.06694912292352,0.05529366286432,0.3759290733627,0.0967479938771,0.0029662726021609,HR,408.0,625.0,266,0.89
0.08551248194137,0.005941417841546,0.00773489161873,0.06694912292352,0.05529366286432,0.3759290733627,0.0967479938771,0.0029662726021609,HR,408.0,625.0,266,0.89
0.08551248194137,0.005941417841546,0.00773489161873,0.06694912292352,0.05529366286432,0.3759290733627,0.0967479938771,0.0029662726021609,HR,407.0,625.0,266,0.89
0.08551248194137,0.005941417841546,0.00773489161873,0.06694912292352,0.05529366286432,0.3759290733627,0.0967479938771,0.0029662726021609,HR,406.0,625.0,266,0.89
1.0,1.0,1.0,1.0,1.0,1.0,1.0,1.0,NR,405.0,625.0,266,0.89
0.08551248194137,0.005941417841546,0.00773489161873,0.06694912292352,0.05529366286432,0.3759290733627,0.0967479938771,0.0029662726021609,HR,405.0,625.0,266,0.89
0.08551248194137,0.005941417841546,0.00773489161873,0.06694912292352,0.05529366286432,0.3759290733627,0.0967479938771,0.0029662726021609,HR,404.0,625.0,266,0.89
0.08551248194137,0.005941417841546,0.00773489161873,0.06694912292352,0.05529366286432,0.3759290733627,0.0967479938771,0.0029662726021609,HR,403.0,625.0,266,0.89
0.08551248194137,0.005941417841546,0.00773489161873,0.06694912292352,0.05529366286432,0.3759290733627,0.0967479938771,0.0029662726021609,HR,402.0,625.0,266,0.89
0.08551248194137,0.005941417841546,0.00773489161873,0.06694912292352,0.05529366286432,0.3759290733627,0.0967479938771,0.0029662726021609,HR,401.0,625.0,266,0.89
1.0,1.0,1.0,1.0,1.0,1.0,1.0,1.0,NR,400.0,625.0,266,0.89
0.08551248194137,0.005941417841546,0.00773489161873,0.06694912292352,0.05529366286432,0.3759290733627,0.0967479938771,0.0029662726021609,HR,399.0,625.0,266,0.89
0.08551248194137,0.005941417841546,0.00773489161873,0.06694912292352,0.05529366286432,0.3759290733627,0.0967479938771,0.0029662726021609,HR,399.0,625.0,266,0.89
0.08551248194137,0.005941417841546,0.00773489161873,0.06694912292352,0.05529366286432,0.3759290733627,0.0967479938771,0.0029662726021609,HR,398.0,625.0,266,0.89
0.08551248194137,0.005941417841546,0.00773489161873,0.06694912292352,0.05529366286432,0.3759290733627,0.0967479938771,0.0029662726021609,HR,397.0,625.0,266,0.89
0.08551248194137,0.005941417841546,0.00773489161873,0.06694912292352,0.05529366286432,0.3759290733627,0.0967479938771,0.0029662726021609,HR,396.0,625.0,266,0.89
0.08551248194137,0.005941417841546,0.00773489161873,0.06694912292352,0.05529366286432,0.3759290733627,0.0967479938771,0.0029662726021609,HR,395.0,625.0,266,0.89
0.08551248194137,0.005941417841546,0.00773489161873,0.06694912292352,0.05529366286432,0.3759290733627,0.0967479938771,0.0029662726021609,HR,394.0,625.0,266,0.89
0.08551248194137,0.005941417841546,0.00773489161873,0.06694912292352,0.05529366286432,0.3759290733627,0.0967479938771,0.0029662726021609,HR,393.0,625.0,266,0.89
0.08551248194137,0.005941417841546,0.00773489161873,0.06694912292352,0.05529366286432,0.3759290733627,0.0967479938771,0.0029662726021609,HR,392.0,625.0,266,0.89
0.08551248194137,0.005941417841546,0.00773489161873,0.06694912292352,0.05529366286432,0.3759290733627,0.0967479938771,0.0029662726021609,HR,391.0,625.0,266,0.89
0.08551248194137,0.005941417841546,0.00773489161873,0.06694912292352,0.05529366286432,0.3759290733627,0.0967479938771,0.0029662726021609,HR,390.0,625.0,266,0.89
0.08551248194137,0.005941417841546,0.00773489161873,0.06694912292352,0.05529366286432,0.3759290733627,0.0967479938771,0.0029662726021609,HR,388.0,625.0,266,0.89
0.08551248194137,0.005941417841546,0.00773489161873,0.06694912292352,0.05529366286432,0.3759290733627,0.0967479938771,0.0029662726021609,HR,386.0,625.0,266,0.89
1.0,1.0,1.0,1.0,1.0,1.0,1.0,1.0,NR,385.0,625.0,266,0.89
0.08551248194137,0.005941417841546,0.00773489161873,0.06694912292352,0.05529366286432,0.3759290733627,0.0967479938771,0.0029662726021609,HR,384.0,625.0,266,0.89
0.08551248194137,0.005941417841546,0.00773489161873,0.06694912292352,0.05529366286432,0.3759290733627,0.0967479938771,0.0029662726021609,HR,383.0,625.0,266,0.89
0.08551248194137,0.005941417841546,0.00773489161873,0.06694912292352,0.05529366286432,0.3759290733627,0.0967479938771,0.0029662726021609,HR,381.0,625.0,266,0.89
0.08551248194137,0.005941417841546,0.00773489161873,0.06694912292352,0.05529366286432,0.3759290733627,0.0967479938771,0.0029662726021609,HR,380.0,625.0,266,0.89
0.08551248194137,0.005941417841546,0.00773489161873,0.06694912292352,0.05529366286432,0.3759290733627,0.0967479938771,0.0029662726021609,HR,379.0,625.0,266,0.89
0.08551248194137,0.005941417841546,0.00773489161873,0.06694912292352,0.05529366286432,0.3759290733627,0.0967479938771,0.0029662726021609,HR,378.0,625.0,266,0.89
0.08551248194137,0.005941417841546,0.00773489161873,0.06694912292352,0.05529366286432,0.3759290733627,0.0967479938771,0.0029662726021609,HR,377.0,625.0,266,0.89
0.08551248194137,0.005941417841546,0.00773489161873,0.06694912292352,0.05529366286432,0.3759290733627,0.0967479938771,0.0029662726021609,HR,375.0,625.0,266,0.89
1.0,1.0,1.0,1.0,1.0,1.0,1.0,1.0,NR,374.0,625.0,266,0.89
0.08551248194137,0.005941417841546,0.00773489161873,0.06694912292352,0.05529366286432,0.3759290733627,0.0967479938771,0.0029662726021609,HR,373.0,625.0,266,0.89
0.08551248194137,0.005941417841546,0.00773489161873,0.06694912292352,0.05529366286432,0.3759290733627,0.0967479938771,0.0029662726021609,HR,372.0,625.0,266,0.89
0.08551248194137,0.005941417841546,0.00773489161873,0.06694912292352,0.05529366286432,0.3759290733627,0.0967479938771,0.0029662726021609,HR,371.0,625.0,266,0.89
0.08551248194137,0.005941417841546,0.00773489161873,0.06694912292352,0.05529366286432,0.3759290733627,0.0967479938771,0.0029662726021609,HR,370.0,625.0,266,0.89
0.08551248194137,0.005941417841546,0.00773489161873,0.06694912292352,0.05529366286432,0.3759290733627,0.0967479938771,0.0029662726021609,HR,369.0,625.0,266,0.89
0.08551248194137,0.005941417841546,0.00773489161873,0.06694912292352,0.05529366286432,0.3759290733627,0.0967479938771,0.0029662726021609,HR,368.0,625.0,266,0.89
0.08551248194137,0.005941417841546,0.00773489161873,0.06694912292352,0.05529366286432,0.3759290733627,0.0967479938771,0.0029662726021609,HR,367.0,625.0,266,0.89
0.08551248194137,0.005941417841546,0.00773489161873,0.06694912292352,0.05529366286432,0.3759290733627,0.0967479938771,0.0029662726021609,HR,366.0,625.0,266,0.89
0.08551248194137,0.005941417841546,0.00773489161873,0.06694912292352,0.05529366286432,0.3759290733627,0.0967479938771,0.0029662726021609,HR,364.0,625.0,266,0.89
0.08551248194137,0.005941417841546,0.00773489161873,0.06694912292352,0.05529366286432,0.3759290733627,0.0967479938771,0.0029662726021609,HR,363.0,625.0,266,0.89
0.08551248194137,0.005941417841546,0.00773489161873,0.06694912292352,0.05529366286432,0.3759290733627,0.0967479938771,0.0029662726021609,HR,362.0,625.0,266,0.89
0.08551248194137,0.005941417841546,0.00773489161873,0.06694912292352,0.05529366286432,0.3759290733627,0.0967479938771,0.0029662726021609,HR,360.0,625.0,266,0.89
0.08551248194137,0.005941417841546,0.00773489161873,0.06694912292352,0.05529366286432,0.3759290733627,0.0967479938771,0.0029662726021609,HR,359.0,625.0,266,0.89
0.08551248194137,0.005941417841546,0.00773489161873,0.06694912292352,0.05529366286432,0.3759290733627,0.0967479938771,0.0029662726021609,HR,357.0,625.0,266,0.89
0.08551248194137,0.005941417841546,0.00773489161873,0.06694912292352,0.05529366286432,0.3759290733627,0.0967479938771,0.0029662726021609,HR,356.0,625.0,266,0.89
0.08551248194137,0.005941417841546,0.00773489161873,0.06694912292352,0.05529366286432,0.3759290733627,0.0967479938771,0.0029662726021609,HR,354.0,625.0,266,0.89
0.08551248194137,0.005941417841546,0.00773489161873,0.06694912292352,0.05529366286432,0.3759290733627,0.0967479938771,0.0029662726021609,HR,352.0,625.0,266,0.89
0.08551248194137,0.005941417841546,0.00773489161873,0.06694912292352,0.05529366286432,0.3759290733627,0.0967479938771,0.0029662726021609,HR,350.0,625.0,266,0.89
0.08551248194137,0.005941417841546,0.00773489161873,0.06694912292352,0.05529366286432,0.3759290733627,0.0967479938771,0.0029662726021609,HR,348.0,625.0,266,0.89
0.08551248194137,0.005941417841546,0.00773489161873,0.06694912292352,0.05529366286432,0.3759290733627,0.0967479938771,0.0029662726021609,HR,346.0,625.0,266,0.89
0.08551248194137,0.005941417841546,0.00773489161873,0.06694912292352,0.05529366286432,0.3759290733627,0.0967479938771,0.0029662726021609,HR,343.0,625.0,266,0.89
0.08551248194137,0.005941417841546,0.00773489161873,0.06694912292352,0.05529366286432,0.3759290733627,0.0967479938771,0.0029662726021609,HR,341.0,625.0,266,0.89
1.0,1.0,1.0,1.0,1.0,1.0,1.0,1.0,NR,338.0,625.0,266,0.89
0.08551248194137,0.005941417841546,0.00773489161873,0.06694912292352,0.05529366286432,0.3759290733627,0.0967479938771,0.0029662726021609,HR,336.0,625.0,266,0.89
0.08551248194137,0.005941417841546,0.00773489161873,0.06694912292352,0.05529366286432,0.3759290733627,0.0967479938771,0.0029662726021609,HR,335.0,625.0,266,0.89
0.08551248194137,0.005941417841546,0.00773489161873,0.06694912292352,0.05529366286432,0.3759290733627,0.0967479938771,0.0029662726021609,HR,333.0,625.0,266,0.89
1.0,1.0,1.0,1.0,1.0,1.0,1.0,1.0,NR,331.0,625.0,266,0.89
0.08551248194137,0.005941417841546,0.00773489161873,0.06694912292352,0.05529366286432,0.3759290733627,0.0967479938771,0.0029662726021609,HR,330.0,625.0,266,0.89
0.08551248194137,0.005941417841546,0.00773489161873,0.06694912292352,0.05529366286432,0.3759290733627,0.0967479938771,0.0029662726021609,HR,329.0,625.0,266,0.89
0.08551248194137,0.005941417841546,0.00773489161873,0.06694912292352,0.05529366286432,0.3759290733627,0.0967479938771,0.0029662726021609,HR,328.0,625.0,266,0.89
1.0,1.0,1.0,1.0,1.0,1.0,1.0,1.0,NR,327.0,625.0,266,0.89
0.08551248194137,0.005941417841546,0.00773489161873,0.06694912292352,0.05529366286432,0.3759290733627,0.0967479938771,0.0029662726021609,HR,326.0,625.0,266,0.89
0.08551248194137,0.005941417841546,0.00773489161873,0.06694912292352,0.05529366286432,0.3759290733627,0.0967479938771,0.0029662726021609,HR,325.0,625.0,266,0.89
0.08551248194137,0.005941417841546,0.00773489161873,0.06694912292352,0.05529366286432,0.3759290733627,0.0967479938771,0.0029662726021609,HR,325.0,625.0,266,0.89
0.08551248194137,0.005941417841546,0.00773489161873,0.06694912292352,0.05529366286432,0.3759290733627,0.0967479938771,0.0029662726021609,HR,324.0,625.0,266,0.89
1.0,1.0,1.0,1.0,1.0,1.0,1.0,1.0,NR,323.0,625.0,266,0.89
0.08551248194137,0.005941417841546,0.00773489161873,0.06694912292352,0.05529366286432,0.3759290733627,0.0967479938771,0.0029662726021609,HR,323.0,625.0,266,0.89
0.08551248194137,0.005941417841546,0.00773489161873,0.06694912292352,0.05529366286432,0.3759290733627,0.0967479938771,0.0029662726021609,HR,322.0,625.0,266,0.89
0.08551248194137,0.005941417841546,0.00773489161873,0.06694912292352,0.05529366286432,0.3759290733627,0.0967479938771,0.0029662726021609,HR,322.0,625.0,266,0.89
0.08551248194137,0.005941417841546,0.00773489161873,0.06694912292352,0.05529366286432,0.3759290733627,0.0967479938771,0.0029662726021609,HR,322.0,625.0,266,0.89
0.08551248194137,0.005941417841546,0.00773489161873,0.06694912292352,0.05529366286432,0.3759290733627,0.0967479938771,0.0029662726021609,HR,321.0,625.0,266,0.89
0.08551248194137,0.005941417841546,0.00773489161873,0.06694912292352,0.05529366286432,0.3759290733627,0.0967479938771,0.0029662726021609,HR,320.0,625.0,266,0.89
0.08551248194137,0.005941417841546,0.00773489161873,0.06694912292352,0.05529366286432,0.3759290733627,0.0967479938771,0.0029662726021609,HR,320.0,625.0,266,0.89
0.08551248194137,0.005941417841546,0.00773489161873,0.06694912292352,0.05529366286432,0.3759290733627,0.0967479938771,0.0029662726021609,HR,319.0,625.0,266,0.89
0.08551248194137,0.005941417841546,0.00773489161873,0.06694912292352,0.05529366286432,0.3759290733627,0.0967479938771,0.0029662726021609,HR,318.0,625.0,266,0.89
0.08551248194137,0.005941417841546,0.00773489161873,0.06694912292352,0.05529366286432,0.3759290733627,0.0967479938771,0.0029662726021609,HR,317.0,625.0,266,0.89
0.08551248194137,0.005941417841546,0.00773489161873,0.06694912292352,0.05529366286432,0.3759290733627,0.0967479938771,0.0029662726021609,HR,316.0,625.0,266,0.89
0.08551248194137,0.005941417841546,0.00773489161873,0.06694912292352,0.05529366286432,0.3759290733627,0.0967479938771,0.0029662726021609,HR,315.0,625.0,266,0.89
1.0,1.0,1.0,1.0,1.0,1.0,1.0,1.0,NR,314.0,625.0,266,0.89
0.08551248194137,0.005941417841546,0.00773489161873,0.06694912292352,0.05529366286432,0.3759290733627,0.0967479938771,0.0029662726021609,HR,313.0,625.0,266,0.89
1.0,1.0,1.0,1.0,1.0,1.0,1.0,1.0,NR,312.0,625.0,266,0.89
0.08551248194137,0.005941417841546,0.00773489161873,0.06694912292352,0.05529366286432,0.3759290733627,0.0967479938771,0.0029662726021609,HR,312.0,625.0,266,0.89
0.08551248194137,0.005941417841546,0.00773489161873,0.06694912292352,0.05529366286432,0.3759290733627,0.0967479938771,0.0029662726021609,HR,311.0,625.0,266,0.89
0.08551248194137,0.005941417841546,0.00773489161873,0.06694912292352,0.05529366286432,0.3759290733627,0.0967479938771,0.0029662726021609,HR,311.0,625.0,266,0.89
0.08551248194137,0.005941417841546,0.00773489161873,0.06694912292352,0.05529366286432,0.3759290733627,0.0967479938771,0.0029662726021609,HR,310.0,625.0,266,0.89
0.08551248194137,0.005941417841546,0.00773489161873,0.06694912292352,0.05529366286432,0.3759290733627,0.0967479938771,0.0029662726021609,HR,310.0,625.0,266,0.89
0.08551248194137,0.005941417841546,0.00773489161873,0.06694912292352,0.05529366286432,0.3759290733627,0.0967479938771,0.0029662726021609,HR,309.0,625.0,266,0.89
0.08551248194137,0.005941417841546,0.00773489161873,0.06694912292352,0.05529366286432,0.3759290733627,0.0967479938771,0.0029662726021609,HR,308.0,625.0,266,0.89
0.08551248194137,0.005941417841546,0.00773489161873,0.06694912292352,0.05529366286432,0.3759290733627,0.0967479938771,0.0029662726021609,HR,307.0,625.0,266,0.89
0.08551248194137,0.005941417841546,0.00773489161873,0.06694912292352,0.05529366286432,0.3759290733627,0.0967479938771,0.0029662726021609,HR,306.0,625.0,266,0.89
1.0,1.0,1.0,1.0,1.0,1.0,1.0,1.0,NR,305.0,625.0,266,0.89
0.08551248194137,0.005941417841546,0.00773489161873,0.06694912292352,0.05529366286432,0.3759290733627,0.0967479938771,0.0029662726021609,HR,305.0,625.0,266,0.89
0.08551248194137,0.005941417841546,0.00773489161873,0.06694912292352,0.05529366286432,0.3759290733627,0.0967479938771,0.0029662726021609,HR,304.0,625.0,266,0.89
0.08551248194137,0.005941417841546,0.00773489161873,0.06694912292352,0.05529366286432,0.3759290733627,0.0967479938771,0.0029662726021609,HR,303.0,625.0,266,0.89
0.08551248194137,0.005941417841546,0.00773489161873,0.06694912292352,0.05529366286432,0.3759290733627,0.0967479938771,0.0029662726021609,HR,302.0,625.0,266,0.89
0.08551248194137,0.005941417841546,0.00773489161873,0.06694912292352,0.05529366286432,0.3759290733627,0.0967479938771,0.0029662726021609,HR,301.0,625.0,266,0.89
0.08551248194137,0.005941417841546,0.00773489161873,0.06694912292352,0.05529366286432,0.3759290733627,0.0967479938771,0.0029662726021609,HR,300.0,625.0,266,0.89
0.08551248194137,0.005941417841546,0.00773489161873,0.06694912292352,0.05529366286432,0.3759290733627,0.0967479938771,0.0029662726021609,HR,299.0,625.0,266,0.89
1.0,1.0,1.0,1.0,1.0,1.0,1.0,1.0,NR,297.0,625.0,266,0.89
1.0,1.0,1.0,1.0,1.0,1.0,1.0,1.0,NR,296.0,625.0,266,0.89
0.08551248194137,0.005941417841546,0.00773489161873,0.06694912292352,0.05529366286432,0.3759290733627,0.0967479938771,0.0029662726021609,HR,296.0,625.0,266,0.89
0.08551248194137,0.005941417841546,0.00773489161873,0.06694912292352,0.05529366286432,0.3759290733627,0.0967479938771,0.0029662726021609,HR,295.0,625.0,266,0.89
0.08551248194137,0.005941417841546,0.00773489161873,0.06694912292352,0.05529366286432,0.3759290733627,0.0967479938771,0.0029662726021609,HR,295.0,625.0,266,0.89
0.08551248194137,0.005941417841546,0.00773489161873,0.06694912292352,0.05529366286432,0.3759290733627,0.0967479938771,0.0029662726021609,HR,294.0,625.0,266,0.89
0.08551248194137,0.005941417841546,0.00773489161873,0.06694912292352,0.05529366286432,0.3759290733627,0.0967479938771,0.0029662726021609,HR,294.0,625.0,266,0.89
0.08551248194137,0.005941417841546,0.00773489161873,0.06694912292352,0.05529366286432,0.3759290733627,0.0967479938771,0.0029662726021609,HR,293.0,625.0,266,0.89
0.08551248194137,0.005941417841546,0.00773489161873,0.06694912292352,0.05529366286432,0.3759290733627,0.0967479938771,0.0029662726021609,HR,292.0,625.0,266,0.89
0.08551248194137,0.005941417841546,0.00773489161873,0.06694912292352,0.05529366286432,0.3759290733627,0.0967479938771,0.0029662726021609,HR,291.0,625.0,266,0.89
0.08551248194137,0.005941417841546,0.00773489161873,0.06694912292352,0.05529366286432,0.3759290733627,0.0967479938771,0.0029662726021609,HR,290.0,625.0,266,0.89
0.08551248194137,0.005941417841546,0.00773489161873,0.06694912292352,0.05529366286432,0.3759290733627,0.0967479938771,0.0029662726021609,HR,289.0,625.0,266,0.89
0.08551248194137,0.005941417841546,0.00773489161873,0.06694912292352,0.05529366286432,0.3759290733627,0.0967479938771,0.0029662726021609,HR,288.0,625.0,266,0.89
0.08551248194137,0.005941417841546,0.00773489161873,0.06694912292352,0.05529366286432,0.3759290733627,0.0967479938771,0.0029662726021609,HR,287.0,625.0,266,0.89
0.08551248194137,0.005941417841546,0.00773489161873,0.06694912292352,0.05529366286432,0.3759290733627,0.0967479938771,0.0029662726021609,HR,285.0,625.0,266,0.89
0.08551248194137,0.005941417841546,0.00773489161873,0.06694912292352,0.05529366286432,0.3759290733627,0.0967479938771,0.0029662726021609,HR,284.0,625.0,266,0.89
0.08551248194137,0.005941417841546,0.00773489161873,0.06694912292352,0.05529366286432,0.3759290733627,0.0967479938771,0.0029662726021609,HR,282.0,625.0,266,0.89
0.08551248194137,0.005941417841546,0.00773489161873,0.06694912292352,0.05529366286432,0.3759290733627,0.0967479938771,0.0029662726021609,HR,280.0,625.0,266,0.89
0.08551248194137,0.005941417841546,0.00773489161873,0.06694912292352,0.05529366286432,0.3759290733627,0.0967479938771,0.0029662726021609,HR,278.0,625.0,266,0.89
0.08551248194137,0.005941417841546,0.00773489161873,0.06694912292352,0.05529366286432,0.3759290733627,0.0967479938771,0.0029662726021609,HR,276.0,625.0,266,0.89
0.08551248194137,0.005941417841546,0.00773489161873,0.06694912292352,0.05529366286432,0.3759290733627,0.0967479938771,0.0029662726021609,HR,273.0,625.0,266,0.89
0.08551248194137,0.005941417841546,0.00773489161873,0.06694912292352,0.05529366286432,0.3759290733627,0.0967479938771,0.0029662726021609,HR,270.0,625.0,266,0.89
1.0,1.0,1.0,1.0,1.0,1.0,1.0,1.0,NR,267.0,625.0,266,0.89
0.08551248194137,0.005941417841546,0.00773489161873,0.06694912292352,0.05529366286432,0.3759290733627,0.0967479938771,0.0029662726021609,HR,265.0,625.0,266,0.89
0.08551248194137,0.005941417841546,0.00773489161873,0.06694912292352,0.05529366286432,0.3759290733627,0.0967479938771,0.0029662726021609,HR,262.0,625.0,266,0.89
1.0,1.0,1.0,1.0,1.0,1.0,1.0,1.0,NR,260.0,625.0,266,0.89
0.08551248194137,0.005941417841546,0.00773489161873,0.06694912292352,0.05529366286432,0.3759290733627,0.0967479938771,0.0029662726021609,HR,258.0,625.0,266,0.89
0.08551248194137,0.005941417841546,0.00773489161873,0.06694912292352,0.05529366286432,0.3759290733627,0.0967479938771,0.0029662726021609,HR,256.0,625.0,266,0.89
0.08551248194137,0.005941417841546,0.00773489161873,0.06694912292352,0.05529366286432,0.3759290733627,0.0967479938771,0.0029662726021609,HR,255.0,625.0,266,0.89
0.08551248194137,0.005941417841546,0.00773489161873,0.06694912292352,0.05529366286432,0.3759290733627,0.0967479938771,0.0029662726021609,HR,253.0,625.0,266,0.89
1.0,1.0,1.0,1.0,1.0,1.0,1.0,1.0,NR,251.0,625.0,266,0.89
0.08551248194137,0.005941417841546,0.00773489161873,0.06694912292352,0.05529366286432,0.3759290733627,0.0967479938771,0.0029662726021609,HR,249.0,625.0,266,0.89
0.08551248194137,0.005941417841546,0.00773489161873,0.06694912292352,0.05529366286432,0.3759290733627,0.0967479938771,0.0029662726021609,HR,248.0,625.0,266,0.89
0.08551248194137,0.005941417841546,0.00773489161873,0.06694912292352,0.05529366286432,0.3759290733627,0.0967479938771,0.0029662726021609,HR,247.0,625.0,266,0.89
0.08551248194137,0.005941417841546,0.00773489161873,0.06694912292352,0.05529366286432,0.3759290733627,0.0967479938771,0.0029662726021609,HR,245.0,625.0,266,0.89
0.08551248194137,0.005941417841546,0.00773489161873,0.06694912292352,0.05529366286432,0.3759290733627,0.0967479938771,0.0029662726021609,HR,243.0,625.0,266,0.89
0.08551248194137,0.005941417841546,0.00773489161873,0.06694912292352,0.05529366286432,0.3759290733627,0.0967479938771,0.0029662726021609,HR,241.0,625.0,266,0.89
0.08551248194137,0.005941417841546,0.00773489161873,0.06694912292352,0.05529366286432,0.3759290733627,0.0967479938771,0.0029662726021609,HR,239.0,625.0,266,0.89
0.08551248194137,0.005941417841546,0.00773489161873,0.06694912292352,0.05529366286432,0.3759290733627,0.0967479938771,0.0029662726021609,HR,237.0,625.0,266,0.89
1.0,1.0,1.0,1.0,1.0,1.0,1.0,1.0,NR,235.0,625.0,266,0.89
0.08551248194137,0.005941417841546,0.00773489161873,0.06694912292352,0.05529366286432,0.3759290733627,0.0967479938771,0.0029662726021609,HR,233.0,625.0,266,0.89
0.08551248194137,0.005941417841546,0.00773489161873,0.06694912292352,0.05529366286432,0.3759290733627,0.0967479938771,0.0029662726021609,HR,231.0,625.0,266,0.89
0.08551248194137,0.005941417841546,0.00773489161873,0.06694912292352,0.05529366286432,0.3759290733627,0.0967479938771,0.0029662726021609,HR,229.0,625.0,266,0.89
0.08551248194137,0.005941417841546,0.00773489161873,0.06694912292352,0.05529366286432,0.3759290733627,0.0967479938771,0.0029662726021609,HR,228.0,625.0,266,0.89
0.08551248194137,0.005941417841546,0.00773489161873,0.06694912292352,0.05529366286432,0.3759290733627,0.0967479938771,0.0029662726021609,HR,226.0,625.0,266,0.89
0.08551248194137,0.005941417841546,0.00773489161873,0.06694912292352,0.05529366286432,0.3759290733627,0.0967479938771,0.0029662726021609,HR,224.0,625.0,266,0.89
0.08551248194137,0.005941417841546,0.00773489161873,0.06694912292352,0.05529366286432,0.3759290733627,0.0967479938771,0.0029662726021609,HR,221.0,625.0,266,0.89
0.08551248194137,0.005941417841546,0.00773489161873,0.06694912292352,0.05529366286432,0.3759290733627,0.0967479938771,0.0029662726021609,HR,219.0,625.0,266,0.89
0.08551248194137,0.005941417841546,0.00773489161873,0.06694912292352,0.05529366286432,0.3759290733627,0.0967479938771,0.0029662726021609,HR,216.0,625.0,266,0.89
0.08551248194137,0.005941417841546,0.00773489161873,0.06694912292352,0.05529366286432,0.3759290733627,0.0967479938771,0.0029662726021609,HR,214.0,625.0,266,0.89
0.08551248194137,0.005941417841546,0.00773489161873,0.06694912292352,0.05529366286432,0.3759290733627,0.0967479938771,0.0029662726021609,HR,211.0,625.0,266,0.89
0.08551248194137,0.005941417841546,0.00773489161873,0.06694912292352,0.05529366286432,0.3759290733627,0.0967479938771,0.0029662726021609,HR,207.0,625.0,266,0.89
0.08551248194137,0.005941417841546,0.00773489161873,0.06694912292352,0.05529366286432,0.3759290733627,0.0967479938771,0.0029662726021609,HR,203.0,625.0,266,0.89
0.08551248194137,0.005941417841546,0.00773489161873,0.06694912292352,0.05529366286432,0.3759290733627,0.0967479938771,0.0029662726021609,HR,199.0,625.0,266,0.89
0.08551248194137,0.005941417841546,0.00773489161873,0.06694912292352,0.05529366286432,0.3759290733627,0.0967479938771,0.0029662726021609,HR,194.0,625.0,266,0.89
1.0,1.0,1.0,1.0,1.0,1.0,1.0,1.0,NR,188.0,625.0,266,0.89
1.0,1.0,1.0,1.0,1.0,1.0,1.0,1.0,NR,182.0,625.0,266,0.89
1.0,1.0,1.0,1.0,1.0,1.0,1.0,1.0,NR,178.0,625.0,266,0.89
1.0,1.0,1.0,1.0,1.0,1.0,1.0,1.0,NR,175.0,625.0,266,0.89
1.0,1.0,1.0,1.0,1.0,1.0,1.0,1.0,NR,173.0,625.0,266,0.89
1.0,1.0,1.0,1.0,1.0,1.0,1.0,1.0,NR,171.0,625.0,266,0.89
1.0,1.0,1.0,1.0,1.0,1.0,1.0,1.0,NR,169.0,625.0,266,0.89
1.0,1.0,1.0,1.0,1.0,1.0,1.0,1.0,NR,168.0,625.0,266,0.89
1.0,1.0,1.0,1.0,1.0,1.0,1.0,1.0,NR,166.0,625.0,266,0.89
1.0,1.0,1.0,1.0,1.0,1.0,1.0,1.0,NR,165.0,625.0,266,0.89
1.0,1.0,1.0,1.0,1.0,1.0,1.0,1.0,NR,164.0,625.0,266,0.89
1.0,1.0,1.0,1.0,1.0,1.0,1.0,1.0,NR,163.0,625.0,266,0.89
1.0,1.0,1.0,1.0,1.0,1.0,1.0,1.0,NR,163.0,625.0,266,0.89
1.0,1.0,1.0,1.0,1.0,1.0,1.0,1.0,NR,162.0,625.0,266,0.89
1.0,1.0,1.0,1.0,1.0,1.0,1.0,1.0,NR,161.0,625.0,266,0.89
1.0,1.0,1.0,1.0,1.0,1.0,1.0,1.0,NR,161.0,625.0,266,0.89
1.0,1.0,1.0,1.0,1.0,1.0,1.0,1.0,NR,160.0,625.0,266,0.89
1.0,1.0,1.0,1.0,1.0,1.0,1.0,1.0,NR,160.0,625.0,266,0.89
1.0,1.0,1.0,1.0,1.0,1.0,1.0,1.0,NR,159.0,625.0,266,0.89
1.0,1.0,1.0,1.0,1.0,1.0,1.0,1.0,NR,159.0,625.0,266,0.89
1.0,1.0,1.0,1.0,1.0,1.0,1.0,1.0,NR,159.0,625.0,266,0.89
1.0,1.0,1.0,1.0,1.0,1.0,1.0,1.0,NR,158.0,625.0,266,0.89
1.0,1.0,1.0,1.0,1.0,1.0,1.0,1.0,NR,158.0,625.0,266,0.89
1.0,1.0,1.0,1.0,1.0,1.0,1.0,1.0,NR,158.0,625.0,266,0.89
1.0,1.0,1.0,1.0,1.0,1.0,1.0,1.0,NR,158.0,625.0,266,0.89
1.0,1.0,1.0,1.0,1.0,1.0,1.0,1.0,NR,157.0,625.0,266,0.89
1.0,1.0,1.0,1.0,1.0,1.0,1.0,1.0,NR,157.0,625.0,266,0.89
1.0,1.0,1.0,1.0,1.0,1.0,1.0,1.0,NR,157.0,625.0,266,0.89
1.0,1.0,1.0,1.0,1.0,1.0,1.0,1.0,NR,157.0,625.0,266,0.89
1.0,1.0,1.0,1.0,1.0,1.0,1.0,1.0,NR,157.0,625.0,266,0.89
1.0,1.0,1.0,1.0,1.0,1.0,1.0,1.0,NR,157.0,625.0,266,0.89
1.0,1.0,1.0,1.0,1.0,1.0,1.0,1.0,NR,157.0,625.0,266,0.89
1.0,1.0,1.0,1.0,1.0,1.0,1.0,1.0,NR,157.0,625.0,266,0.89
1.0,1.0,1.0,1.0,1.0,1.0,1.0,1.0,NR,157.0,625.0,266,0.89
1.0,1.0,1.0,1.0,1.0,1.0,1.0,1.0,NR,156.0,625.0,266,0.89
1.0,1.0,1.0,1.0,1.0,1.0,1.0,1.0,NR,156.0,625.0,266,0.89
1.0,1.0,1.0,1.0,1.0,1.0,1.0,1.0,NR,156.0,625.0,266,0.89
1.0,1.0,1.0,1.0,1.0,1.0,1.0,1.0,NR,156.0,625.0,266,0.89
1.0,1.0,1.0,1.0,1.0,1.0,1.0,1.0,NR,156.0,625.0,266,0.89
1.0,1.0,1.0,1.0,1.0,1.0,1.0,1.0,NR,156.0,625.0,266,0.89
1.0,1.0,1.0,1.0,1.0,1.0,1.0,1.0,NR,156.0,625.0,266,0.89
1.0,1.0,1.0,1.0,1.0,1.0,1.0,1.0,NR,156.0,625.0,266,0.89
1.0,1.0,1.0,1.0,1.0,1.0,1.0,1.0,NR,156.0,625.0,266,0.89
1.0,1.0,1.0,1.0,1.0,1.0,1.0,1.0,NR,156.0,625.0,266,0.89
1.0,1.0,1.0,1.0,1.0,1.0,1.0,1.0,NR,156.0,625.0,266,0.89
1.0,1.0,1.0,1.0,1.0,1.0,1.0,1.0,NR,156.0,625.0,266,0.89
1.0,1.0,1.0,1.0,1.0,1.0,1.0,1.0,NR,156.0,625.0,266,0.89
1.0,1.0,1.0,1.0,1.0,1.0,1.0,1.0,NR,156.0,625.0,266,0.89
1.0,1.0,1.0,1.0,1.0,1.0,1.0,1.0,NR,156.0,625.0,266,0.89
1.0,1.0,1.0,1.0,1.0,1.0,1.0,1.0,NR,156.0,625.0,266,0.89
1.0,1.0,1.0,1.0,1.0,1.0,1.0,1.0,NR,156.0,625.0,266,0.89
1.0,1.0,1.0,1.0,1.0,1.0,1.0,1.0,NR,156.0,625.0,266,0.89
1.0,1.0,1.0,1.0,1.0,1.0,1.0,1.0,NR,156.0,625.0,266,0.89
1.0,1.0,1.0,1.0,1.0,1.0,1.0,1.0,NR,156.0,625.0,266,0.89
1.0,1.0,1.0,1.0,1.0,1.0,1.0,1.0,NR,156.0,625.0,266,0.89
1.0,1.0,1.0,1.0,1.0,1.0,1.0,1.0,NR,156.0,625.0,266,0.89
1.0,1.0,1.0,1.0,1.0,1.0,1.0,1.0,NR,156.0,625.0,266,0.89
1.0,1.0,1.0,1.0,1.0,1.0,1.0,1.0,NR,156.0,625.0,266,0.89
1.0,1.0,1.0,1.0,1.0,1.0,1.0,1.0,NR,156.0,625.0,266,0.89
1.0,1.0,1.0,1.0,1.0,1.0,1.0,1.0,NR,156.0,625.0,266,0.89
1.0,1.0,1.0,1.0,1.0,1.0,1.0,1.0,NR,156.0,625.0,266,0.89
1.0,1.0,1.0,1.0,1.0,1.0,1.0,1.0,NR,156.0,625.0,266,0.89
1.0,1.0,1.0,1.0,1.0,1.0,1.0,1.0,NR,156.0,625.0,266,0.89
1.0,1.0,1.0,1.0,1.0,1.0,1.0,1.0,NR,156.0,625.0,266,0.89
1.0,1.0,1.0,1.0,1.0,1.0,1.0,1.0,NR,156.0,625.0,266,0.89
1.0,1.0,1.0,1.0,1.0,1.0,1.0,1.0,NR,156.0,625.0,266,0.89
1.0,1.0,1.0,1.0,1.0,1.0,1.0,1.0,NR,156.0,625.0,266,0.89
1.0,1.0,1.0,1.0,1.0,1.0,1.0,1.0,NR,156.0,625.0,266,0.89
1.0,1.0,1.0,1.0,1.0,1.0,1.0,1.0,NR,156.0,625.0,266,0.89
1.0,1.0,1.0,1.0,1.0,1.0,1.0,1.0,NR,156.0,625.0,266,0.89
1.0,1.0,1.0,1.0,1.0,1.0,1.0,1.0,NR,156.0,625.0,266,0.89
1.0,1.0,1.0,1.0,1.0,1.0,1.0,1.0,NR,156.0,625.0,266,0.89
1.0,1.0,1.0,1.0,1.0,1.0,1.0,1.0,NR,156.0,625.0,266,0.89
1.0,1.0,1.0,1.0,1.0,1.0,1.0,1.0,NR,156.0,625.0,266,0.89
1.0,1.0,1.0,1.0,1.0,1.0,1.0,1.0,NR,156.0,625.0,266,0.89
1.0,1.0,1.0,1.0,1.0,1.0,1.0,1.0,NR,156.0,625.0,266,0.89
1.0,1.0,1.0,1.0,1.0,1.0,1.0,1.0,NR,156.0,625.0,266,0.89
1.0,1.0,1.0,1.0,1.0,1.0,1.0,1.0,NR,156.0,625.0,266,0.89
1.0,1.0,1.0,1.0,1.0,1.0,1.0,1.0,NR,156.0,625.0,266,0.89
1.0,1.0,1.0,1.0,1.0,1.0,1.0,1.0,NR,156.0,625.0,266,0.89
1.0,1.0,1.0,1.0,1.0,1.0,1.0,1.0,NR,156.0,625.0,266,0.89
1.0,1.0,1.0,1.0,1.0,1.0,1.0,1.0,NR,156.0,625.0,266,0.89
1.0,1.0,1.0,1.0,1.0,1.0,1.0,1.0,NR,156.0,625.0,266,0.89
1.0,1.0,1.0,1.0,1.0,1.0,1.0,1.0,NR,156.0,625.0,266,0.89
1.0,1.0,1.0,1.0,1.0,1.0,1.0,1.0,NR,156.0,625.0,266,0.89
1.0,1.0,1.0,1.0,1.0,1.0,1.0,1.0,NR,156.0,625.0,266,0.89
1.0,1.0,1.0,1.0,1.0,1.0,1.0,1.0,NR,156.0,625.0,266,0.89
1.0,1.0,1.0,1.0,1.0,1.0,1.0,1.0,NR,156.0,625.0,266,0.89
1.0,1.0,1.0,1.0,1.0,1.0,1.0,1.0,NR,156.0,625.0,266,0.89
1.0,1.0,1.0,1.0,1.0,1.0,1.0,1.0,NR,156.0,625.0,266,0.89
1.0,1.0,1.0,1.0,1.0,1.0,1.0,1.0,NR,156.0,625.0,266,0.89
1.0,1.0,1.0,1.0,1.0,1.0,1.0,1.0,NR,156.0,625.0,266,0.89
1.0,1.0,1.0,1.0,1.0,1.0,1.0,1.0,NR,156.0,625.0,266,0.89
1.0,1.0,1.0,1.0,1.0,1.0,1.0,1.0,NR,156.0,625.0,266,0.89
1.0,1.0,1.0,1.0,1.0,1.0,1.0,1.0,NR,156.0,625.0,266,0.89
1.0,1.0,1.0,1.0,1.0,1.0,1.0,1.0,NR,156.0,625.0,266,0.89
1.0,1.0,1.0,1.0,1.0,1.0,1.0,1.0,NR,156.0,625.0,266,0.89
1.0,1.0,1.0,1.0,1.0,1.0,1.0,1.0,NR,156.0,625.0,266,0.89
1.0,1.0,1.0,1.0,1.0,1.0,1.0,1.0,NR,156.0,625.0,266,0.89
1.0,1.0,1.0,1.0,1.0,1.0,1.0,1.0,NR,156.0,625.0,266,0.89
1.0,1.0,1.0,1.0,1.0,1.0,1.0,1.0,NR,156.0,625.0,266,0.89
1.0,1.0,1.0,1.0,1.0,1.0,1.0,1.0,NR,156.0,625.0,266,0.89
1.0,1.0,1.0,1.0,1.0,1.0,1.0,1.0,NR,156.0,625.0,266,0.89
1.0,1.0,1.0,1.0,1.0,1.0,1.0,1.0,NR,156.0,625.0,266,0.89
1.0,1.0,1.0,1.0,1.0,1.0,1.0,1.0,NR,156.0,625.0,266,0.89
1.0,1.0,1.0,1.0,1.0,1.0,1.0,1.0,NR,156.0,625.0,266,0.89
1.0,1.0,1.0,1.0,1.0,1.0,1.0,1.0,NR,156.0,625.0,266,0.89
1.0,1.0,1.0,1.0,1.0,1.0,1.0,1.0,NR,156.0,625.0,266,0.89
1.0,1.0,1.0,1.0,1.0,1.0,1.0,1.0,NR,156.0,625.0,266,0.89
1.0,1.0,1.0,1.0,1.0,1.0,1.0,1.0,NR,156.0,625.0,266,0.89
1.0,1.0,1.0,1.0,1.0,1.0,1.0,1.0,NR,156.0,625.0,266,0.89
1.0,1.0,1.0,1.0,1.0,1.0,1.0,1.0,NR,156.0,625.0,266,0.89
1.0,1.0,1.0,1.0,1.0,1.0,1.0,1.0,NR,156.0,625.0,266,0.89
1.0,1.0,1.0,1.0,1.0,1.0,1.0,1.0,NR,156.0,625.0,266,0.89
1.0,1.0,1.0,1.0,1.0,1.0,1.0,1.0,NR,156.0,625.0,266,0.89
1.0,1.0,1.0,1.0,1.0,1.0,1.0,1.0,NR,156.0,625.0,266,0.89
1.0,1.0,1.0,1.0,1.0,1.0,1.0,1.0,NR,156.0,625.0,266,0.89
1.0,1.0,1.0,1.0,1.0,1.0,1.0,1.0,NR,156.0,625.0,266,0.89
1.0,1.0,1.0,1.0,1.0,1.0,1.0,1.0,NR,156.0,625.0,266,0.89
1.0,1.0,1.0,1.0,1.0,1.0,1.0,1.0,NR,156.0,625.0,266,0.89
1.0,1.0,1.0,1.0,1.0,1.0,1.0,1.0,NR,156.0,625.0,266,0.89
1.0,1.0,1.0,1.0,1.0,1.0,1.0,1.0,NR,156.0,625.0,266,0.89
1.0,1.0,1.0,1.0,1.0,1.0,1.0,1.0,NR,156.0,625.0,266,0.89
1.0,1.0,1.0,1.0,1.0,1.0,1.0,1.0,NR,156.0,625.0,266,0.89
1.0,1.0,1.0,1.0,1.0,1.0,1.0,1.0,NR,156.0,625.0,266,0.89
1.0,1.0,1.0,1.0,1.0,1.0,1.0,1.0,NR,156.0,625.0,266,0.89
1.0,1.0,1.0,1.0,1.0,1.0,1.0,1.0,NR,156.0,625.0,266,0.89
1.0,1.0,1.0,1.0,1.0,1.0,1.0,1.0,NR,156.0,625.0,266,0.89
1.0,1.0,1.0,1.0,1.0,1.0,1.0,1.0,NR,156.0,625.0,266,0.89
1.0,1.0,1.0,1.0,1.0,1.0,1.0,1.0,NR,156.0,625.0,266,0.89
1.0,1.0,1.0,1.0,1.0,1.0,1.0,1.0,NR,156.0,625.0,266,0.89
1.0,1.0,1.0,1.0,1.0,1.0,1.0,1.0,NR,156.0,625.0,266,0.89
1.0,1.0,1.0,1.0,1.0,1.0,1.0,1.0,NR,156.0,625.0,266,0.89
1.0,1.0,1.0,1.0,1.0,1.0,1.0,1.0,NR,156.0,625.0,266,0.89
1.0,1.0,1.0,1.0,1.0,1.0,1.0,1.0,NR,156.0,625.0,266,0.89
1.0,1.0,1.0,1.0,1.0,1.0,1.0,1.0,NR,156.0,625.0,266,0.89
1.0,1.0,1.0,1.0,1.0,1.0,1.0,1.0,NR,156.0,625.0,266,0.89
1.0,1.0,1.0,1.0,1.0,1.0,1.0,1.0,NR,156.0,625.0,266,0.89
1.0,1.0,1.0,1.0,1.0,1.0,1.0,1.0,NR,156.0,625.0,266,0.89
1.0,1.0,1.0,1.0,1.0,1.0,1.0,1.0,NR,156.0,625.0,266,0.89
1.0,1.0,1.0,1.0,1.0,1.0,1.0,1.0,NR,156.0,625.0,266,0.89
1.0,1.0,1.0,1.0,1.0,1.0,1.0,1.0,NR,156.0,625.0,266,0.89
1.0,1.0,1.0,1.0,1.0,1.0,1.0,1.0,NR,156.0,625.0,266,0.89
1.0,1.0,1.0,1.0,1.0,1.0,1.0,1.0,NR,156.0,625.0,266,0.89
1.0,1.0,1.0,1.0,1.0,1.0,1.0,1.0,NR,156.0,625.0,266,0.89
1.0,1.0,1.0,1.0,1.0,1.0,1.0,1.0,NR,156.0,625.0,266,0.89
1.0,1.0,1.0,1.0,1.0,1.0,1.0,1.0,NR,156.0,625.0,266,0.89
1.0,1.0,1.0,1.0,1.0,1.0,1.0,1.0,NR,156.0,625.0,266,0.89
1.0,1.0,1.0,1.0,1.0,1.0,1.0,1.0,NR,156.0,625.0,266,0.89
1.0,1.0,1.0,1.0,1.0,1.0,1.0,1.0,NR,156.0,625.0,266,0.89
1.0,1.0,1.0,1.0,1.0,1.0,1.0,1.0,NR,156.0,625.0,266,0.89
1.0,1.0,1.0,1.0,1.0,1.0,1.0,1.0,NR,156.0,625.0,266,0.89
1.0,1.0,1.0,1.0,1.0,1.0,1.0,1.0,NR,156.0,625.0,266,0.89
1.0,1.0,1.0,1.0,1.0,1.0,1.0,1.0,NR,156.0,625.0,266,0.89
1.0,1.0,1.0,1.0,1.0,1.0,1.0,1.0,NR,156.0,625.0,266,0.89
1.0,1.0,1.0,1.0,1.0,1.0,1.0,1.0,NR,156.0,625.0,266,0.89
1.0,1.0,1.0,1.0,1.0,1.0,1.0,1.0,NR,156.0,625.0,266,0.89
1.0,1.0,1.0,1.0,1.0,1.0,1.0,1.0,NR,156.0,625.0,266,0.89
1.0,1.0,1.0,1.0,1.0,1.0,1.0,1.0,NR,156.0,625.0,266,0.89
1.0,1.0,1.0,1.0,1.0,1.0,1.0,1.0,NR,156.0,625.0,266,0.89
1.0,1.0,1.0,1.0,1.0,1.0,1.0,1.0,NR,156.0,625.0,266,0.89
1.0,1.0,1.0,1.0,1.0,1.0,1.0,1.0,NR,156.0,625.0,266,0.89
1.0,1.0,1.0,1.0,1.0,1.0,1.0,1.0,NR,156.0,625.0,266,0.89
1.0,1.0,1.0,1.0,1.0,1.0,1.0,1.0,NR,156.0,625.0,266,0.89
1.0,1.0,1.0,1.0,1.0,1.0,1.0,1.0,NR,156.0,625.0,266,0.89
1.0,1.0,1.0,1.0,1.0,1.0,1.0,1.0,NR,156.0,625.0,266,0.89
1.0,1.0,1.0,1.0,1.0,1.0,1.0,1.0,NR,156.0,625.0,266,0.89
1.0,1.0,1.0,1.0,1.0,1.0,1.0,1.0,NR,156.0,625.0,266,0.89
1.0,1.0,1.0,1.0,1.0,1.0,1.0,1.0,NR,156.0,625.0,266,0.89
1.0,1.0,1.0,1.0,1.0,1.0,1.0,1.0,NR,156.0,625.0,266,0.89
1.0,1.0,1.0,1.0,1.0,1.0,1.0,1.0,NR,156.0,625.0,266,0.89
1.0,1.0,1.0,1.0,1.0,1.0,1.0,1.0,NR,156.0,625.0,266,0.89
1.0,1.0,1.0,1.0,1.0,1.0,1.0,1.0,NR,156.0,625.0,266,0.89
1.0,1.0,1.0,1.0,1.0,1.0,1.0,1.0,NR,156.0,625.0,266,0.89
1.0,1.0,1.0,1.0,1.0,1.0,1.0,1.0,NR,156.0,625.0,266,0.89
1.0,1.0,1.0,1.0,1.0,1.0,1.0,1.0,NR,156.0,625.0,266,0.89
1.0,1.0,1.0,1.0,1.0,1.0,1.0,1.0,NR,156.0,625.0,266,0.89
1.0,1.0,1.0,1.0,1.0,1.0,1.0,1.0,NR,156.0,625.0,266,0.89
1.0,1.0,1.0,1.0,1.0,1.0,1.0,1.0,NR,156.0,625.0,266,0.89
1.0,1.0,1.0,1.0,1.0,1.0,1.0,1.0,NR,156.0,625.0,266,0.89
1.0,1.0,1.0,1.0,1.0,1.0,1.0,1.0,NR,156.0,625.0,266,0.89
1.0,1.0,1.0,1.0,1.0,1.0,1.0,1.0,NR,156.0,625.0,266,0.89
1.0,1.0,1.0,1.0,1.0,1.0,1.0,1.0,NR,156.0,625.0,266,0.89
1.0,1.0,1.0,1.0,1.0,1.0,1.0,1.0,NR,156.0,625.0,266,0.89
1.0,1.0,1.0,1.0,1.0,1.0,1.0,1.0,NR,156.0,625.0,266,0.89
1.0,1.0,1.0,1.0,1.0,1.0,1.0,1.0,NR,156.0,625.0,266,0.89
1.0,1.0,1.0,1.0,1.0,1.0,1.0,1.0,NR,156.0,625.0,266,0.89
1.0,1.0,1.0,1.0,1.0,1.0,1.0,1.0,NR,156.0,625.0,266,0.89
1.0,1.0,1.0,1.0,1.0,1.0,1.0,1.0,NR,156.0,625.0,266,0.89
1.0,1.0,1.0,1.0,1.0,1.0,1.0,1.0,NR,156.0,625.0,266,0.89
1.0,1.0,1.0,1.0,1.0,1.0,1.0,1.0,NR,156.0,625.0,266,0.89
1.0,1.0,1.0,1.0,1.0,1.0,1.0,1.0,NR,156.0,625.0,266,0.89
1.0,1.0,1.0,1.0,1.0,1.0,1.0,1.0,NR,156.0,625.0,266,0.89
1.0,1.0,1.0,1.0,1.0,1.0,1.0,1.0,NR,156.0,625.0,266,0.89
1.0,1.0,1.0,1.0,1.0,1.0,1.0,1.0,NR,156.0,625.0,266,0.89
1.0,1.0,1.0,1.0,1.0,1.0,1.0,1.0,NR,156.0,625.0,266,0.89
1.0,1.0,1.0,1.0,1.0,1.0,1.0,1.0,NR,156.0,625.0,266,0.89
1.0,1.0,1.0,1.0,1.0,1.0,1.0,1.0,NR,156.0,625.0,266,0.89
1.0,1.0,1.0,1.0,1.0,1.0,1.0,1.0,NR,156.0,625.0,266,0.89
1.0,1.0,1.0,1.0,1.0,1.0,1.0,1.0,NR,156.0,625.0,266,0.89
1.0,1.0,1.0,1.0,1.0,1.0,1.0,1.0,NR,156.0,625.0,266,0.89
1.0,1.0,1.0,1.0,1.0,1.0,1.0,1.0,NR,156.0,625.0,266,0.89
1.0,1.0,1.0,1.0,1.0,1.0,1.0,1.0,NR,156.0,625.0,266,0.89
1.0,1.0,1.0,1.0,1.0,1.0,1.0,1.0,NR,156.0,625.0,266,0.89
1.0,1.0,1.0,1.0,1.0,1.0,1.0,1.0,NR,156.0,625.0,266,0.89
1.0,1.0,1.0,1.0,1.0,1.0,1.0,1.0,NR,156.0,625.0,266,0.89
1.0,1.0,1.0,1.0,1.0,1.0,1.0,1.0,NR,156.0,625.0,266,0.89
1.0,1.0,1.0,1.0,1.0,1.0,1.0,1.0,NR,156.0,625.0,266,0.89
1.0,1.0,1.0,1.0,1.0,1.0,1.0,1.0,NR,156.0,625.0,266,0.89
1.0,1.0,1.0,1.0,1.0,1.0,1.0,1.0,NR,156.0,625.0,266,0.89
1.0,1.0,1.0,1.0,1.0,1.0,1.0,1.0,NR,156.0,625.0,266,0.89
1.0,1.0,1.0,1.0,1.0,1.0,1.0,1.0,NR,156.0,625.0,266,0.89
1.0,1.0,1.0,1.0,1.0,1.0,1.0,1.0,NR,156.0,625.0,266,0.89
1.0,1.0,1.0,1.0,1.0,1.0,1.0,1.0,NR,156.0,625.0,266,0.89
1.0,1.0,1.0,1.0,1.0,1.0,1.0,1.0,NR,156.0,625.0,266,0.89
1.0,1.0,1.0,1.0,1.0,1.0,1.0,1.0,NR,156.0,625.0,266,0.89
1.0,1.0,1.0,1.0,1.0,1.0,1.0,1.0,NR,156.0,625.0,266,0.89
1.0,1.0,1.0,1.0,1.0,1.0,1.0,1.0,NR,156.0,625.0,266,0.89
1.0,1.0,1.0,1.0,1.0,1.0,1.0,1.0,NR,156.0,625.0,266,0.89
1.0,1.0,1.0,1.0,1.0,1.0,1.0,1.0,NR,156.0,625.0,266,0.89
1.0,1.0,1.0,1.0,1.0,1.0,1.0,1.0,NR,156.0,625.0,266,0.89
1.0,1.0,1.0,1.0,1.0,1.0,1.0,1.0,NR,156.0,625.0,266,0.89
1.0,1.0,1.0,1.0,1.0,1.0,1.0,1.0,NR,156.0,625.0,266,0.89
1.0,1.0,1.0,1.0,1.0,1.0,1.0,1.0,NR,156.0,625.0,266,0.89
1.0,1.0,1.0,1.0,1.0,1.0,1.0,1.0,NR,156.0,625.0,266,0.89
1.0,1.0,1.0,1.0,1.0,1.0,1.0,1.0,NR,156.0,625.0,266,0.89
1.0,1.0,1.0,1.0,1.0,1.0,1.0,1.0,NR,156.0,625.0,266,0.89
1.0,1.0,1.0,1.0,1.0,1.0,1.0,1.0,NR,156.0,625.0,266,0.89
1.0,1.0,1.0,1.0,1.0,1.0,1.0,1.0,NR,156.0,625.0,266,0.89
1.0,1.0,1.0,1.0,1.0,1.0,1.0,1.0,NR,156.0,625.0,266,0.89
1.0,1.0,1.0,1.0,1.0,1.0,1.0,1.0,NR,156.0,625.0,266,0.89
1.0,1.0,1.0,1.0,1.0,1.0,1.0,1.0,NR,156.0,625.0,266,0.89
1.0,1.0,1.0,1.0,1.0,1.0,1.0,1.0,NR,156.0,625.0,266,0.89
1.0,1.0,1.0,1.0,1.0,1.0,1.0,1.0,NR,156.0,625.0,266,0.89
1.0,1.0,1.0,1.0,1.0,1.0,1.0,1.0,NR,156.0,625.0,266,0.89
1.0,1.0,1.0,1.0,1.0,1.0,1.0,1.0,NR,156.0,625.0,266,0.89
1.0,1.0,1.0,1.0,1.0,1.0,1.0,1.0,NR,156.0,625.0,266,0.89
1.0,1.0,1.0,1.0,1.0,1.0,1.0,1.0,NR,156.0,625.0,266,0.89
1.0,1.0,1.0,1.0,1.0,1.0,1.0,1.0,NR,156.0,625.0,266,0.89
1.0,1.0,1.0,1.0,1.0,1.0,1.0,1.0,NR,156.0,625.0,266,0.89
1.0,1.0,1.0,1.0,1.0,1.0,1.0,1.0,NR,156.0,625.0,266,0.89
1.0,1.0,1.0,1.0,1.0,1.0,1.0,1.0,NR,156.0,625.0,266,0.89
1.0,1.0,1.0,1.0,1.0,1.0,1.0,1.0,NR,156.0,625.0,266,0.89
1.0,1.0,1.0,1.0,1.0,1.0,1.0,1.0,NR,156.0,625.0,266,0.89
1.0,1.0,1.0,1.0,1.0,1.0,1.0,1.0,NR,156.0,625.0,266,0.89
1.0,1.0,1.0,1.0,1.0,1.0,1.0,1.0,NR,156.0,625.0,266,0.89
1.0,1.0,1.0,1.0,1.0,1.0,1.0,1.0,NR,156.0,625.0,266,0.89
1.0,1.0,1.0,1.0,1.0,1.0,1.0,1.0,NR,156.0,625.0,266,0.89
1.0,1.0,1.0,1.0,1.0,1.0,1.0,1.0,NR,156.0,625.0,266,0.89
1.0,1.0,1.0,1.0,1.0,1.0,1.0,1.0,NR,156.0,625.0,266,0.89
1.0,1.0,1.0,1.0,1.0,1.0,1.0,1.0,NR,156.0,625.0,266,0.89
1.0,1.0,1.0,1.0,1.0,1.0,1.0,1.0,NR,156.0,625.0,266,0.89
1.0,1.0,1.0,1.0,1.0,1.0,1.0,1.0,NR,156.0,625.0,266,0.89
1.0,1.0,1.0,1.0,1.0,1.0,1.0,1.0,NR,156.0,625.0,266,0.89
1.0,1.0,1.0,1.0,1.0,1.0,1.0,1.0,NR,156.0,625.0,266,0.89
1.0,1.0,1.0,1.0,1.0,1.0,1.0,1.0,NR,156.0,625.0,266,0.89
1.0,1.0,1.0,1.0,1.0,1.0,1.0,1.0,NR,156.0,625.0,266,0.89
1.0,1.0,1.0,1.0,1.0,1.0,1.0,1.0,NR,156.0,625.0,266,0.89
1.0,1.0,1.0,1.0,1.0,1.0,1.0,1.0,NR,156.0,625.0,266,0.89
1.0,1.0,1.0,1.0,1.0,1.0,1.0,1.0,NR,156.0,625.0,266,0.89
1.0,1.0,1.0,1.0,1.0,1.0,1.0,1.0,NR,156.0,625.0,266,0.89
1.0,1.0,1.0,1.0,1.0,1.0,1.0,1.0,NR,156.0,625.0,266,0.89
1.0,1.0,1.0,1.0,1.0,1.0,1.0,1.0,NR,156.0,625.0,266,0.89
1.0,1.0,1.0,1.0,1.0,1.0,1.0,1.0,NR,156.0,625.0,266,0.89
1.0,1.0,1.0,1.0,1.0,1.0,1.0,1.0,NR,156.0,625.0,266,0.89
1.0,1.0,1.0,1.0,1.0,1.0,1.0,1.0,NR,156.0,625.0,266,0.89
